序号,id,XQMC,FWWZ,JD,WD
1,1,湘台国际花园-南门,湖南省湘潭市岳塘区湘潭市雨湖区和平街道九华区宝马路28号(湘台国际花园),112.92831,27.912895
2,2,壶天中心小学,湖南省湘潭市岳塘区湘潭市湘乡市壶天镇,112.033347,27.86625
3,3,兴业银行ATM,湖南省湘潭市岳塘区韶山东路昌盛商务楼,112.908596,27.869362
4,4,云盘社区,湖南省湘潭市岳塘区湘潭市岳塘区宝塔街道云盘社区,112.948237,27.84775
5,5,古城中心小学,湖南省湘潭市岳塘区湘潭市湘潭县石潭镇,112.690588,27.789529
6,6,湘乡市人民医院-急诊,湖南省湘潭市岳塘区健康西路湘乡市人民医院,112.52201,27.732
7,7,长郡湘潭高新实验小学,湖南省湘潭市岳塘区湘潭市岳塘区霞城街道,112.932797,27.828459
8,8,蒸好恰,湖南省湘潭市岳塘区湘潭市岳塘区宝塔街道福星中路与双拥北路交汇处(天虹商场(湘潭店)),112.937825,27.852386
9,9,花石中学,湖南省湘潭市岳塘区湘潭市湘潭县花石镇,112.733081,27.508585
10,10,湘潭市特殊教育学校,湖南省湘潭市岳塘区吉安路4号,112.95296,27.85095
11,11,烟竹社区,湖南省湘潭市岳塘区湘潭市雨湖区广场街道,112.881546,27.864989
12,12,湘乡市人民医院-药剂科,湖南省湘潭市岳塘区健康路湘乡市人民医院门诊6楼,112.52165,27.73218
13,13,韶山市人民医院-国药堂,湖南省湘潭市岳塘区民主路7号韶山市人民医院门诊大楼3楼,112.51947,27.93027
14,14,化研小区,湖南省湘潭市岳塘区湘潭市雨湖区昭潭街道解放南路269号,112.897288,27.86311
15,15,源湘幼儿园,湖南省湘潭市岳塘区湘潭市雨湖区姜畲镇源湘幼儿园,112.85091,27.83292
16,16,英蓝湘潭幼儿园,湖南省湘潭市岳塘区湖湘南路东方红步步高旁,112.93227,27.83411
17,17,亿客源超市,湖南省湘潭市岳塘区湘潭市湘潭县花石镇新桥路48号正东方向10米,112.718303,27.511134
18,18,万家乐超市,湖南省湘潭市岳塘区白田镇白田村正北方向190米,112.40458,27.92122
19,19,喜洋洋超市,湖南省湘潭市岳塘区棋梓镇万罗山村西北方向140米,112.22067,27.72772
20,20,宜家美景小区,湖南省湘潭市岳塘区湘潭市雨湖区云塘街道车站路297号,112.90543,27.87154
21,21,易俗河镇第三中学,湖南省湘潭市岳塘区湘潭市湘潭县易俗河镇,112.91,27.75903
22,22,阳科骨科医院-手术室,湖南省湘潭市岳塘区阳科骨科医院5楼,112.83173,27.86826
23,23,湘乡中医医院-外科门诊,湖南省湘潭市岳塘区新湘路湘乡中医医院门诊大楼1楼,112.52388,27.73583
24,24,梅桥镇水潭小学,湖南省湘潭市岳塘区湘潭市湘乡市梅桥镇,112.57619,27.58451
25,25,湘潭农村商业银行,湖南省湘潭市岳塘区湘潭市雨湖区和平街道九华步步高大道6号百合御都1栋1单元,112.932748,27.901386
26,26,萝鲜生精品生活超市凳桥店,湖南省湘潭市岳塘区湘潭市岳塘区双马街道晓塘东路凳桥山庄14~16号正东方向70米,112.958,27.827507
27,27,世纪之星幼儿园,湖南省湘潭市岳塘区湘潭市湘乡市梅桥镇世纪之星幼儿园,112.5709,27.67771
28,28,金海宾馆,湖南省湘潭市岳塘区韶山东路金海民生电器商场旁边,112.919239,27.873756
29,29,吉利社区,湖南省湘潭市岳塘区湘潭市雨湖区和平街道吉利社区,112.919375,27.916453
30,30,步步高超市宝塔店,湖南省湘潭市岳塘区河东大道1062,112.9232,27.84091
31,31,金泉幼儿园,湖南省湘潭市岳塘区湘潭市湘乡市栗山镇金泉幼儿园,112.39595,27.55301
32,32,湘潭县人民医院-医技楼,湖南省湘潭市岳塘区湘潭市玉兰中路432号(湘潭县人民医院),112.944309,27.770081
33,33,白田镇示范学校,湖南省湘潭市岳塘区湘潭市湘乡市白田镇,112.395555,27.913429
34,34,桂花园47号,湖南省湘潭市岳塘区湘潭市雨湖区窑湾街道桂花园47号,112.885393,27.869172
35,35,姜畲镇青亭小学,湖南省湘潭市岳塘区湘潭市雨湖区姜畲镇青亭村村委会旁(往南100米),112.833551,27.856496
36,36,起凤楼,湖南省湘潭市岳塘区湘潭市湘乡市新湘路办事处梅坪村,112.516369,27.741219
37,37,中国农业银行湘潭县支行,湖南省湘潭市岳塘区大鹏中路599,112.94415,27.78134
38,38,粮贸大酒店,湖南省湘潭市岳塘区石潭镇,112.711,27.75997
39,39,古梁巷社区,湖南省湘潭市岳塘区湘潭市雨湖区昭潭街道古梁巷社区,112.901317,27.857608
40,40,花铺学校,湖南省湘潭市岳塘区湘潭市湘乡市金薮乡,112.274577,27.908268
41,41,稠泉学校,湖南省湘潭市岳塘区湘潭市雨湖区鹤岭镇,112.797928,27.94571
42,42,横街社区,湖南省湘潭市岳塘区湘潭市岳塘区东坪街道横街社区,112.900456,27.847946
43,43,万罗山社区,湖南省湘潭市岳塘区湘潭市湘乡市棋梓镇万罗山社区,112.221489,27.726564
44,44,余庄学校,湖南省湘潭市岳塘区湘潭市湘乡市棋梓镇,112.125988,27.785447
45,45,恒基双语幼儿园,湖南省湘潭市岳塘区横街居委会,112.70888,27.75985
46,46,新苗大同花苑幼儿园,湖南省湘潭市岳塘区韶山东路28号,112.91314,27.8704
47,47,留田中心小学,湖南省湘潭市岳塘区湘潭市湘潭县排头乡,112.666548,27.521337
48,48,可喜喜洋洋便利店,湖南省湘潭市岳塘区广云路云塘街道商场巷3号西北方向110米,112.8963,27.87201
49,49,胜胜超市,湖南省湘潭市岳塘区湘潭市湘乡市月山镇,112.352096,27.811711
50,50,泰富重装集团办公大楼,湖南省湘潭市岳塘区湘潭市雨湖区和平街道,112.945194,27.95034
51,51,石柱小学,湖南省湘潭市岳塘区湘潭市湘乡市月山镇,112.358806,27.823466
52,52,星建大厦,湖南省湘潭市岳塘区菲子桥,112.52237,27.74356
53,53,湘钢泉心塘住宅小区,湖南省湘潭市岳塘区湘潭市岳塘区岳塘街道泉心塘路雷公塘2号平房,112.90986,27.81605
54,54,滨江花园17栋,湖南省湘潭市岳塘区湘潭市湘乡市望春门街道滨江花园17栋,112.532814,27.738553
55,55,将军学校,湖南省湘潭市岳塘区湘潭市湘潭县石鼓镇,112.483031,27.514152
56,56,湘碱同心幼儿园,湖南省湘潭市岳塘区湘碱社区本部,112.51785,27.72665
57,57,立云中心小学,湖南省湘潭市岳塘区湘潭市雨湖区长城乡,112.86778,27.85519
58,58,新建村E区,湖南省湘潭市岳塘区湘潭市岳塘区五里堆街道,112.954373,27.868782
59,59,梅林添添幼儿园,湖南省湘潭市岳塘区湘潭市湘潭县易俗河镇梅林添添幼儿园,112.95288,27.69914
60,60,砂子岭社区,湖南省湘潭市岳塘区湘潭市雨湖区长城乡,112.869519,27.857471
61,61,龙口中学,湖南省湘潭市岳塘区湘潭市湘潭县,112.687022,27.461038
62,62,金果小区,湖南省湘潭市岳塘区湘潭市雨湖区城正街街道熙春路28号,112.918334,27.868288
63,63,韶山市人民医院-B超室,湖南省湘潭市岳塘区民主路7号韶山市人民医院门诊大楼3楼,112.51947,27.93027
64,64,九华湖·德文化园,湖南省湘潭市岳塘区湘潭市雨湖区九华街道,112.952391,27.912446
65,65,岐山中学,湖南省湘潭市岳塘区湘潭市湘乡市翻江镇,112.13141,27.90575
66,66,鑫田国际大酒店,湖南省湘潭市岳塘区天易路1,112.95865,27.78431
67,67,云盘花园,湖南省湘潭市岳塘区湘潭市岳塘区宝塔街道河东大道169号,112.94844,27.84653
68,68,欣园小区,湖南省湘潭市岳塘区新湘路19号西北方向140米,112.52333,27.737
69,69,世纪华联(九华店),湖南省湘潭市岳塘区湘潭市雨湖区和平街道宝马西路9号,112.924912,27.912948
70,70,牛头岭社区,湖南省湘潭市岳塘区湘潭市湘潭县易俗河镇牛头岭社区,112.939104,27.778833
71,71,熙春路逸夫小学,湖南省湘潭市岳塘区湘潭市雨湖区雨湖路街道建城路20,112.9141,27.8695
72,72,东郊中心小学,湖南省湘潭市岳塘区湘潭市湘乡市东郊乡东郊中心小学,112.60255,27.79194
73,73,湘乡明铭口腔医院,湖南省湘潭市岳塘区湘潭市湘乡市望春门街道,112.526819,27.740805
74,74,悦邻多超市(湘潭万达广场B座店),湖南省湘潭市岳塘区湘潭市岳塘区双马街道湘潭大道281号万达广场湘潭店B座负一楼,112.934458,27.831063
75,75,湘潭市第五人民医院,湖南省湘潭市岳塘区北二环路10号,112.8889,27.88927
76,76,村镇银行营业部,湖南省湘潭市岳塘区湘潭市湘乡市东山街道,112.5289,27.72661
77,77,湘军大厦,湖南省湘潭市岳塘区湘潭市湘乡市望春门街道望春门办事处车站北路6号,112.526469,27.747113
78,78,富康园小区,湖南省湘潭市岳塘区湘潭市湘乡市新湘路街道向红路51,112.52162,27.74133
79,79,中国工商银行ATM,湖南省湘潭市岳塘区建设南路468,112.916257,27.834212
80,80,十八子,湖南省湘潭市岳塘区湘潭市岳塘区宝塔街道福星中路与双拥北路交汇处(天虹商场(湘潭店)),112.937825,27.852386
81,81,河头学校,湖南省湘潭市岳塘区花石镇河头村,112.72344,27.52988
82,82,崇山中学,湖南省湘潭市岳塘区湘潭市湘乡市毛田镇,112.137328,27.696985
83,83,湘乡市人民医院-抽血室,湖南省湘潭市岳塘区健康路湘乡市人民医院门诊1楼,112.52165,27.73218
84,84,小时代幼儿园,湖南省湘潭市岳塘区湘潭市湘潭县谭家山镇小时代幼儿园,112.95715,27.65027
85,85,天音艺术学校,湖南省湘潭市岳塘区湘潭市湘潭县易俗河镇百花路198,112.936707,27.784252
86,86,黄茅小学,湖南省湘潭市岳塘区湘潭市湘潭县白石镇,112.909934,27.499664
87,87,韶山市人民医院-收费室,湖南省湘潭市岳塘区民主路7号韶山市人民医院门诊大楼3楼,112.51947,27.93027
88,88,德泽小区东区,湖南省湘潭市岳塘区新湘路长桥广场西50米西南方向190米,112.51213,27.74417
89,89,大众超市(绿园小区店),湖南省湘潭市岳塘区湘潭市雨湖区昭潭街道迎宾中路79西南方向20米,112.884084,27.859243
90,90,湘潭芙蓉医院广云门诊部,湖南省湘潭市岳塘区广云路355,112.89474,27.87035
91,91,湘潭仁和医院-急诊,湖南省湘潭市岳塘区迎宾中路115号,112.88336,27.85916
92,92,湘潭天易农商银行ATM,湖南省湘潭市岳塘区云龙中路495,112.94492,27.77618
93,93,湘潭市中心医院-普外三科,湖南省湘潭市岳塘区中心医院-9号楼(住院大楼)16层,112.906258,27.865093
94,94,湘潭农商银行昭山支行,湖南省湘潭市岳塘区湘潭市岳塘区昭山镇湘潭农商银行昭山支行,113.01194,27.96143
95,95,九州小区,湖南省湘潭市岳塘区下摄司街家多旺广场西北方向160米,112.9188,27.81153
96,96,振兴连锁超市金坪店,湖南省湘潭市岳塘区湘潭市湘乡市月山镇,112.28632,27.83777
97,97,巨龙超市,湖南省湘潭市岳塘区壶天镇龙凼村正西方向150米,112.03449,27.86313
98,98,月塘小区,湖南省湘潭市岳塘区北二环路10号正北方向200米,112.88929,27.89104
99,99,金鹰商贸大厦,湖南省湘潭市岳塘区解放南路119西北方向60米,112.89876,27.85925
100,100,创新大厦,湖南省湘潭市岳塘区晓塘路9号,112.93439,27.82655
101,101,湘乡农商银行栗山支行,湖南省湘潭市岳塘区湘潭市湘乡市栗山镇湘乡农商银行栗山支行,112.402,27.6243
102,102,岸英希望学校,湖南省湘潭市岳塘区湘潭市韶山市韶山乡,112.430641,27.897361
103,103,云湖社区,湖南省湘潭市岳塘区湘潭市湘潭县云湖桥镇,112.723762,27.842727
104,104,启明星幼儿园,湖南省湘潭市岳塘区湘潭市湘乡市望春门街道启明星幼儿园,112.52502,27.75019
105,105,枣园小区(B区),湖南省湘潭市岳塘区日月路正北方向127米,112.51689,27.92515
106,106,小精灵幼儿园,湖南省湘潭市岳塘区湘潭市湘潭县石潭镇小精灵幼儿园,112.67773,27.80473
107,107,金霞广场,湖南省湘潭市岳塘区湘潭市湘潭县易俗河镇凤凰东路477号,112.970427,27.795897
108,108,湘电·怡景苑财富广场,湖南省湘潭市岳塘区芙蓉路9号,112.92596,27.83173
109,109,渤海银行ATM,湖南省湘潭市岳塘区福星中路169号福星凯莱大酒店,112.93753,27.85212
110,110,美添来平价超市(三桥店),湖南省湘潭市岳塘区湘潭市雨湖区城正街街道旺城广场1层,112.928488,27.872392
111,111,杉山社区公园,湖南省湘潭市岳塘区湘潭市雨湖区和平街道吉利路附近,112.9253,27.93675
112,112,华达培训学校,湖南省湘潭市岳塘区湘潭市岳塘区宝塔街道福星中路盘龙御和园2栋3楼,112.926844,27.847001
113,113,石竹学校,湖南省湘潭市岳塘区东郊乡石竹村,112.55804,27.77635
114,114,湘潭市第六人民医院,湖南省湘潭市岳塘区河东大道23,112.929028,27.847115
115,115,壕塘大厦,湖南省湘潭市岳塘区壕塘水果市场旁正西方向90米,112.51766,27.73671
116,116,湘乡市塔子学校,湖南省湘潭市岳塘区湘潭市湘乡市东山街道,112.531594,27.721928
117,117,韶山乡城前学校,湖南省湘潭市岳塘区外环公路韶山乡城前小学北150米(竹鸡段城前外环线口)正北方向146米,112.52023,27.87486
118,118,龙潭八一中学,湖南省湘潭市岳塘区湘潭市湘乡市金石镇,112.418414,27.990347
119,119,湘乡市人民医院-体检办,湖南省湘潭市岳塘区健康路湘乡市人民医院门诊2楼,112.52165,27.73218
120,120,白石镇马家堰中学,湖南省湘潭市岳塘区湘潭市湘潭县白石镇,112.936049,27.461881
121,121,新城幼儿园,湖南省湘潭市岳塘区酱园一路132,112.9383,27.7868
122,122,三新学校,湖南省湘潭市岳塘区湘潭市湘乡市白田镇,112.374475,27.952011
123,123,湘潭市中心医院-外科楼,湖南省湘潭市岳塘区湘潭市雨湖区雨湖路街道利平路120号,112.906258,27.865093
124,124,富茶社区,湖南省湘潭市岳塘区湘潭市湘潭县茶恩寺镇富茶社区,112.867414,27.388652
125,125,松涛里小区,湖南省湘潭市岳塘区芙蓉西路168东北方向60米,112.9176,27.82702
126,126,万山幼儿园,湖南省湘潭市岳塘区湘潭市湘乡市毛田镇万山幼儿园,112.1614,27.7189
127,127,千佰莉,湖南省湘潭市岳塘区湘潭市岳塘区宝塔街道福星中路与双拥北路交汇处(天虹商场(湘潭店)),112.937825,27.852386
128,128,湘潭县中医医院,湖南省湘潭市岳塘区凤凰西路388,112.931244,27.783222
129,129,湘铝下生活区,湖南省湘潭市岳塘区湘潭市湘乡市新湘路办事处城西村,112.501178,27.73665
130,130,韶山市人民医院-煎药室,湖南省湘潭市岳塘区民主路7号韶山市人民医院,112.51891,27.93105
131,131,湘潭县教师进修学校,湖南省湘潭市岳塘区云龙中路430,112.945406,27.777464
132,132,湘乡农商银行ATM,湖南省湘潭市岳塘区桑梅路138号华龙华天大酒店1楼,112.53437,27.7465
133,133,山枣超市湘乡山枣店,湖南省湘潭市岳塘区山枣镇龙泉村东北方向180米,112.45386,27.65699
134,134,东方名苑至尊幼儿园,湖南省湘潭市岳塘区双拥中路9号,112.9385,27.84269
135,135,华联,湖南省湘潭市岳塘区湘潭市雨湖区和平街道立志路19号东北方向90米,112.907641,27.93519
136,136,湘潭市岳塘区彩霞花园A栋,湖南省湘潭市岳塘区湘潭市岳塘区岳塘街道彩霞花园a栋,112.919082,27.817505
137,137,中国农业银行花石支行,湖南省湘潭市岳塘区花石镇,112.72208,27.51366
138,138,湘纺小学,湖南省湘潭市岳塘区板马路20正南方向176米,112.95552,27.86384
139,139,江滨幼儿园,湖南省湘潭市岳塘区滴水埠街道江滨机器招待所内正北方向179米,112.96818,27.87773
140,140,九华创新创业中心,湖南省湘潭市岳塘区湘潭市雨湖区响水乡九华创新创业中心,112.90776,27.92573
141,141,花园西饼屋,湖南省湘潭市岳塘区棋梓镇水府家园对面正西方向130米,112.21952,27.72751
142,142,中国邮政储蓄银行ATM,湖南省湘潭市岳塘区雨湖路188号,112.90798,27.86355
143,143,天天向上特价超市,湖南省湘潭市岳塘区湘潭市雨湖区和平街道响水乡大新村建新组6号西南方向20米,112.906605,27.916563
144,144,新岸学校,湖南省湘潭市岳塘区湘潭市湘乡市东山街道,112.55171,27.74916
145,145,快乐宝贝幼儿园,湖南省湘潭市岳塘区湘潭市湘潭县石潭镇快乐宝贝幼儿园,112.70496,27.75471
146,146,湘潭县人民医院-四诊区,湖南省湘潭市岳塘区湘潭市湘潭县人民医院2层,112.945144,27.7696
147,147,振兴连锁超市洪塘总店,湖南省湘潭市岳塘区零五一县道与零九零乡道交叉口东北150米西南方向70米,112.40705,27.69752
148,148,韶西大厦,湖南省湘潭市岳塘区韶山西路58号东南方向70米,112.897,27.86565
149,149,上海农商银行ATM,湖南省湘潭市岳塘区建设中路3号美高梅国际大酒店,112.91144,27.84437
150,150,北斗星幼儿园,湖南省湘潭市岳塘区正街居委会,112.71385,27.75737
151,151,争光河社区,湖南省湘潭市岳塘区湘潭市湘乡市虞唐镇争光河社区,112.35143,27.608468
152,152,阳科骨科医院-收费处,湖南省湘潭市岳塘区阳科骨科医院1楼,112.83173,27.86826
153,153,湘潭市中心医院-心胸外科,湖南省湘潭市岳塘区中心医院-9号楼(住院大楼)裙楼4层,112.906419,27.864865
154,154,湖南银行ATM,湖南省湘潭市岳塘区韶山西路497,112.88829,27.86343
155,155,九华第五公办幼儿园,湖南省湘潭市岳塘区湘潭市雨湖区和平街道,112.943283,27.910967
156,156,湘乡市向阳学校,湖南省湘潭市岳塘区湘潭市湘乡市昆仑桥街道,112.527174,27.730603
157,157,分路口社区,湖南省湘潭市岳塘区湘潭市湘潭县谭家山镇,112.957811,27.652095
158,158,锦绣新城综合楼,湖南省湘潭市岳塘区芙蓉中路19号湖湘林语锦绣鑫城东南方向15米,112.92962,27.83225
159,159,花吾学校,湖南省湘潭市岳塘区湘潭市湘乡市泉塘镇,112.435015,27.704086
160,160,双建社区,湖南省湘潭市岳塘区湘潭市岳塘区昭山镇,113.005374,27.918123
161,161,博乐幼儿园,湖南省湘潭市岳塘区湘潭市湘乡市东郊乡博乐幼儿园,112.637693,27.794962
162,162,人民医院住宅区,湖南省湘潭市岳塘区玉兰南路780,112.9469,27.77169
163,163,湘乡中医医院-中药房,湖南省湘潭市岳塘区新湘路湘乡中医医院门诊大楼3楼,112.52388,27.73583
164,164,商场巷99号,湖南省湘潭市岳塘区湘潭市雨湖区窑湾街道商场巷99号,112.897205,27.87154
165,165,易嘉超市,湖南省湘潭市岳塘区湘潭市雨湖区姜畲镇,112.76992,27.8557
166,166,老地方粉面家菜馆,湖南省湘潭市岳塘区湘潭市雨湖区云塘街道建设北路259号商场巷4号门面,112.897855,27.87259
167,167,人民学校,湖南省湘潭市岳塘区湘潭市雨湖区万楼街道,112.92765,27.87834
168,168,中国建设银行ATM,湖南省湘潭市岳塘区湘潭汽车站旁金湘潭商务楼,112.9006,27.866021
169,169,花石中心小学,湖南省湘潭市岳塘区湘潭市湘潭县花石镇马垅村288号正南方向68米,112.725027,27.511523
170,170,湘潭市口腔医院门诊部,湖南省湘潭市岳塘区下摄司街168,112.92165,27.81094
171,171,聚龙大厦,湖南省湘潭市岳塘区湘潭市湘乡市新湘路街道东山北路308,112.516415,27.740595
172,172,家佳美平价超市,湖南省湘潭市岳塘区湘潭市湘乡市东山街道,112.555266,27.748233
173,173,湘乡中医医院-眼科门诊,湖南省湘潭市岳塘区新湘路湘乡中医医院门诊大楼3楼,112.52388,27.73583
174,174,湘潭万达广场A座,湖南省湘潭市岳塘区湘潭市岳塘区双马街道湘潭大道281号,112.933678,27.831143
175,175,南海住宅区,湖南省湘潭市岳塘区湘潭市湘潭县易俗河镇杏花三路1-2正西方向20米,112.942315,27.781873
176,176,火炬南路馨钢花园16栋,湖南省湘潭市岳塘区湘潭市岳塘区下摄司街道火炬南路馨钢花园16栋,112.949015,27.830053
177,177,吉盟超市近民店,湖南省湘潭市岳塘区东山安置区二期G10栋正北方向90米,112.54218,27.73119
178,178,金砂大厦,湖南省湘潭市岳塘区潭邵路72,112.87064,27.86373
179,179,美润家超市,湖南省湘潭市岳塘区湘潭市雨湖区昭潭街道大湖北路38西北方向150米,112.89296,27.86111
180,180,安全小学,湖南省湘潭市岳塘区湘潭市湘乡市潭市镇,112.36021,27.758492
181,181,爱尚花园,湖南省湘潭市岳塘区易俗河镇雪松北路97号,112.955124,27.786412
182,182,虹桥大厦,湖南省湘潭市岳塘区湘潭市雨湖区昭潭街道大湖北路29号,112.89333,27.86067
183,183,祥和实惠超市,湖南省湘潭市岳塘区湘潭市湘潭县射埠镇,112.77491,27.62076
184,184,惠万家超市,湖南省湘潭市岳塘区湘潭市雨湖区长城乡湘潭大学北苑堕落坑入口处直走50米(华星KTV隔壁)正北方向110米,112.85597,27.89466
185,185,家家乐超市,湖南省湘潭市岳塘区谭市镇谭市村正西方向60米,112.34768,27.7202
186,186,栗山镇中心小学,湖南省湘潭市岳塘区湘潭市湘乡市栗山镇,112.403421,27.638106
187,187,白石铺中心小学,湖南省湘潭市岳塘区湘潭市湘潭县白石镇,112.897164,27.466301
188,188,中沙镇星星幼儿园,湖南省湘潭市岳塘区湘潭市湘乡市中沙镇星星幼儿园,112.37501,27.51874
189,189,花石镇金塘小学,湖南省湘潭市岳塘区县花石镇金枫村委会,112.759299,27.584229
190,190,湘潭万达广场B座,湖南省湘潭市岳塘区湘潭市岳塘区双马街道湘潭大道281号,112.934365,27.831212
191,191,九洲教育培训学校,湖南省湘潭市岳塘区九华开发区吉利社区A区13栋,112.92552,27.9387
192,192,好望阁小区,湖南省湘潭市岳塘区凤凰西路197,112.9346,27.7818
193,193,芙蓉兴盛便利超市中意平价超市,湖南省湘潭市岳塘区湘潭市湘乡市东山街道励志大道凯旋名都小区路北对面正北方向80米,112.53965,27.72885
194,194,银田寺社区,湖南省湘潭市岳塘区湘潭市韶山市银田镇银田寺社区,112.606011,27.888903
195,195,中国工商银行ATM,湖南省湘潭市岳塘区和平路120号湘潭市中心医院,112.906856,27.865888
196,196,宝庆路社区,湖南省湘潭市岳塘区湘潭市雨湖区长城乡,112.875103,27.856135
197,197,莲城大厦,湖南省湘潭市岳塘区岳塘区,112.921324,27.840302
198,198,金龙花园12栋,湖南省湘潭市岳塘区湘潭市湘乡市新湘路街道金龙花园12栋,112.509912,27.740416
199,199,进军学校,湖南省湘潭市岳塘区湘潭市雨湖区姜畲镇进军村,112.73731,27.87097
200,200,白关学校,湖南省湘潭市岳塘区湘潭市韶山市杨林乡,112.511981,27.982741
201,201,步步高超市(步步高九华店),湖南省湘潭市岳塘区湘潭市雨湖区和平街道九华步步高大道与北二环交叉口正东方向40米,112.932387,27.894616
202,202,北风铺社区,湖南省湘潭市岳塘区湘潭市湘乡市壶天镇北风铺社区,112.045284,27.854591
203,203,上海船王,湖南省湘潭市岳塘区湘潭市岳塘区宝塔街道福星中路与双拥北路交汇处(天虹商场(湘潭店)),112.937825,27.852386
204,204,麦子学校,湖南省湘潭市岳塘区湘潭市湘乡市金薮乡,112.231636,27.952688
205,205,城发清水学校,湖南省湘潭市岳塘区湘潭市岳塘区荷塘街道城发清水学校,112.982956,27.87872
206,206,湘潭市济康医院,湖南省湘潭市岳塘区鸿胜·龙岸家园商业07东南方向67米,112.91932,27.87063
207,207,良湖中学,湖南省湘潭市岳塘区云湖桥镇建东村,112.64897,27.8745
208,208,梅坪新区,湖南省湘潭市岳塘区湘潭市湘乡市新湘路办事处梅坪村,112.515146,27.740335
209,209,优惠客特价批发超市(建设北路店),湖南省湘潭市岳塘区湘潭市雨湖区云塘街道建设北路260西南方向70米,112.898826,27.869771
210,210,湘乡第一中学南校区,湖南省湘潭市岳塘区滨河路38号西南方向24米,112.525,27.7269
211,211,竹埠学校,湖南省湘潭市岳塘区湘潭市岳塘区荷塘街道,112.974462,27.904321
212,212,鹤岭学校,湖南省湘潭市岳塘区湘潭市雨湖区鹤岭镇,112.86151,27.985871
213,213,湘潭市法检医院,湖南省湘潭市岳塘区雨湖路179,112.90852,27.86382
214,214,伊贝幼儿园,湖南省湘潭市岳塘区河口镇月形村西北方向72米,112.8787,27.79656
215,215,晓南幼儿园,湖南省湘潭市岳塘区湘潭市湘潭县青山桥镇晓南幼儿园,112.62254,27.47686
216,216,轧桥学校,湖南省湘潭市岳塘区湘潭市湘乡市育塅乡,112.39658,27.82251
217,217,火炬南路馨钢花园11栋,湖南省湘潭市岳塘区湘潭市岳塘区下摄司街道火炬南路馨钢花园11栋,112.949248,27.829372
218,218,碧高学校,湖南省湘潭市岳塘区湘潭市湘乡市翻江镇,112.179289,27.87595
219,219,望东小区,湖南省湘潭市岳塘区湘潭市湘乡市望春门街道涟滨北路105,112.53273,27.73756
220,220,张江学校-公交站,湖南省湘潭市岳塘区张江学校,112.524277,27.718965
221,221,杨家湾公安小区,湖南省湘潭市岳塘区湘潭市雨湖区云塘街道熙春路19号,112.90737,27.87041
222,222,步步高(岳塘店),湖南省湘潭市岳塘区湘潭市岳塘区下摄司街道书院路187号,112.9184,27.8187
223,223,仙女中心幼儿园,湖南省湘潭市岳塘区湘潭市雨湖区鹤岭镇仙女中心幼儿园,112.76473,27.94564
224,224,5家花园-公交站,湖南省湘潭市岳塘区5家花园,112.83913,27.870886
225,225,北大附属幼儿园,湖南省湘潭市岳塘区湘潭市湘潭县易俗河镇北大附属幼儿园,112.93968,27.79128
226,226,金九大厦,湖南省湘潭市岳塘区湘潭市雨湖区和平街道和平街道步步高大道2号金九大厦1号楼号正北方向30米,112.934511,27.909556
227,227,招商银行ATM,湖南省湘潭市岳塘区海棠北路590号润玉酒店1层,112.95966,27.79237
228,228,鸿元小区,湖南省湘潭市岳塘区金凤巷8号,112.90068,27.87142
229,229,江麓医院-中医药门诊部,湖南省湘潭市岳塘区江麓医院门诊部3层,112.888415,27.872328
230,230,瑞鸿花园,湖南省湘潭市岳塘区牡丹路18,112.94512,27.78437
231,231,商苑小区,湖南省湘潭市岳塘区湘潭市湘乡市昆仑桥街道东山路26号,112.51808,27.73237
232,232,大热门超市马坪店,湖南省湘潭市岳塘区马坪乡马坪村西南方向60米,112.2357,27.93297
233,233,Apple专营店(新联步步高店),湖南省湘潭市岳塘区湘潭市岳塘区建设路街道建设南路102号步步高商场1层1011号,112.912618,27.837085
234,234,风车坪学校,湖南省湘潭市岳塘区湘潭市雨湖区昭潭街道解放南路276,112.898031,27.863925
235,235,湘乡市送变电大院小区,湖南省湘潭市岳塘区湘潭市湘乡市望春门街道桑梅东路158,112.53497,27.74836
236,236,天成大酒店,湖南省湘潭市岳塘区天易路口财富广场,112.9544,27.78307
237,237,乐必购(湘乡店),湖南省湘潭市岳塘区湘潭市湘乡市东山街道起凤路788,112.538849,27.732698
238,238,湘潭市人力资源和社会保障局2办公楼,湖南省湘潭市岳塘区湘潭大道157号,112.927374,27.830606
239,239,鸿星尔克,湖南省湘潭市岳塘区湘潭市岳塘区宝塔街道福星中路与双拥北路交汇处(天虹商场(湘潭店)),112.937825,27.852386
240,240,湘乡市二人民医院-门诊,湖南省湘潭市岳塘区东风路48号湘乡市二人民医院,112.52635,27.74065
241,241,花果山社区,湖南省湘潭市岳塘区湘潭市湘潭县易俗河镇花果山社区,112.948898,27.774365
242,242,大桥幼儿园,湖南省湘潭市岳塘区东湖路132东南方向194米,112.9132,27.85157
243,243,长龙学校,湖南省湘潭市岳塘区湘潭市雨湖区鹤岭镇,112.769964,27.973781
244,244,吉宇小区,湖南省湘潭市岳塘区开发区大将北路20号正西方向180米,112.51718,27.7715
245,245,小米鹿客,湖南省湘潭市岳塘区湘潭市岳塘区宝塔街道福星中路与双拥北路交汇处(天虹商场(湘潭店)),112.937825,27.852386
246,246,乌石峰中学,湖南省湘潭市岳塘区湘潭市湘潭县乌石镇,112.662284,27.676278
247,247,烟塘幼儿园,湖南省湘潭市岳塘区凤凰西路335,112.93245,27.78191
248,248,中国建设银行白石支行,湖南省湘潭市岳塘区大湖南路130,112.89496,27.85892
249,249,花园冲,湖南省湘潭市岳塘区湘潭市湘潭县河口镇花园冲,112.84935,27.786
250,250,育杰剑桥幼儿园,湖南省湘潭市岳塘区七家巷49,112.95611,27.78905
251,251,乐城国际幼儿园,湖南省湘潭市岳塘区吉利社区C区13栋07号,112.92079,27.91
252,252,湖山幼儿园,湖南省湘潭市岳塘区湘潭市湘乡市泉塘镇湖山幼儿园,112.44751,27.694
253,253,蒋记超市,湖南省湘潭市岳塘区湘潭市湘乡市东山街道东山办事处东林安置区D区5栋1号正西方向150米,112.542577,27.726115
254,254,烟塘学校,湖南省湘潭市岳塘区湘潭市湘潭县射埠镇,112.752714,27.630159
255,255,江南学校,湖南省湘潭市岳塘区湘潭市雨湖区楠竹山镇楠韶路5号正西方向90米,112.65786,27.8498
256,256,东山安置区,湖南省湘潭市岳塘区湘潭市湘乡市东山办事处东林村,112.544139,27.727742
257,257,三和大厦,湖南省湘潭市岳塘区湘潭市岳塘区板塘街道湘潭大道三和大厦进门右拐至楼后西南方向170米,112.95856,27.835227
258,258,乐万家超市,湖南省湘潭市岳塘区湘潭市雨湖区和平街道学府东路九华示范区新都汇8栋商铺1楼正西方向50米,112.936009,27.907356
259,259,观山学校,湖南省湘潭市岳塘区湘潭市湘潭县青山桥镇,112.570765,27.469709
260,260,筱里学校,湖南省湘潭市岳塘区湘潭市湘潭县射埠镇,112.810518,27.656684
261,261,华龙华天大酒店,湖南省湘潭市岳塘区湘潭市湘乡市望春门街道兴枣路2号,112.53437,27.7465
262,262,菊花塘公寓A区,湖南省湘潭市岳塘区湘潭市岳塘区东坪街道菊花塘公寓a区,112.90531,27.8339
263,263,迎东社区,湖南省湘潭市岳塘区下摄司阳塘路25号西北方向180米,112.929315,27.804917
264,264,DT女鞋,湖南省湘潭市岳塘区湘潭市岳塘区宝塔街道福星中路与双拥北路交汇处(天虹商场(湘潭店)),112.937825,27.852386
265,265,青山学校,湖南省湘潭市岳塘区湘潭市岳塘区荷塘街道,113.025044,27.886302
266,266,长仑学校,湖南省湘潭市岳塘区湘潭市湘乡市育塅乡,112.445494,27.810083
267,267,交通银行ATM,湖南省湘潭市岳塘区和平路120号湘潭市中心医院,112.906763,27.865835
268,268,白云中学,湖南省湘潭市岳塘区湘潭市湘潭县易俗河镇,112.92086,27.71972
269,269,枣园小区,湖南省湘潭市岳塘区湘潭市韶山市清溪镇枣园路与日月路交叉口西南60米东南方向160米,112.517022,27.924998
270,270,弦歌学校,湖南省湘潭市岳塘区湘潭市湘乡市金石镇,112.454395,28.018372
271,271,小天使幼儿园,湖南省湘潭市岳塘区湘潭市湘乡市金石镇小天使幼儿园,112.41436,27.98897
272,272,联合安置区,湖南省湘潭市岳塘区湘潭市岳塘区东坪街道,112.893819,27.834511
273,273,德泽小区,湖南省湘潭市岳塘区德泽小区15栋103~106正东方向30米,112.51042,27.74405
274,274,天虹商场湘潭店,湖南省湘潭市岳塘区湘潭市岳塘区宝塔街道福星中路与双拥北路交汇处,112.93816,27.85242
275,275,桂花园3号,湖南省湘潭市岳塘区湘潭市雨湖区窑湾街道桂花园3号,112.886456,27.86688
276,276,湘乡中医医院-国医堂,湖南省湘潭市岳塘区新湘路湘乡中医医院门诊大楼3楼,112.52388,27.73583
277,277,韶山育才幼儿园,湖南省湘潭市岳塘区清溪镇民主路1号,112.518,27.92883
278,278,聚富小区,湖南省湘潭市岳塘区湘潭市雨湖区广场街道解放北路马坡里14号,112.89235,27.87432
279,279,湖南乐到家超市,湖南省湘潭市岳塘区湘潭市雨湖区广场街道韶山西路8正南方向70米,112.893486,27.86528
280,280,中国农业银行石潭支行,湖南省湘潭市岳塘区石潭镇横街192号,112.7109,27.75977
281,281,昌盛大厦,湖南省湘潭市岳塘区湘潭市雨湖区雨湖路街道韶山东路463,112.906577,27.868012
282,282,花园村彭莉卫生室,湖南省湘潭市岳塘区花园村(原韶山乡中学旁),112.5357,27.91611
283,283,苗苗幼儿园,湖南省湘潭市岳塘区湘潭市湘潭县石潭镇苗苗幼儿园,112.646786,27.726583
284,284,东方红学校,湖南省湘潭市岳塘区夏梓桥街5号,112.53042,27.73787
285,285,群星艺术学校,湖南省湘潭市岳塘区湘潭市雨湖区昭潭街道建设北路91号,112.900186,27.86476
286,286,种花园,湖南省湘潭市岳塘区湘潭市湘乡市潭市镇黄泥村,112.355515,27.749637
287,287,红月亮艺术幼儿园,湖南省湘潭市岳塘区向阳村7号,112.96059,27.87063
288,288,爱军家具商场,湖南省湘潭市岳塘区凤凰西路1058,112.92162,27.78323
289,289,和谐小区3期,湖南省湘潭市岳塘区湘潭市岳塘区板塘街道板马路55(和谐小区),112.969126,27.863508
290,290,炭棚学校,湖南省湘潭市岳塘区湘潭市湘乡市东郊乡,112.62206,27.7867
291,291,回龙小学,湖南省湘潭市岳塘区湘潭市湘乡市梅桥镇,112.507975,27.633863
292,292,火车站社区,湖南省湘潭市岳塘区湘潭市雨湖区云塘街道火车站社区,112.909158,27.871588
293,293,潭水大厦,湖南省湘潭市岳塘区建设路口,112.91537,27.83794
294,294,通发住宅小区,湖南省湘潭市岳塘区玉兰中路539,112.93739,27.78173
295,295,兴永嘉批发超市,湖南省湘潭市岳塘区湘潭市雨湖区和平街道步步高大道新都汇旁东北方向120米,112.93493,27.90906
296,296,涟溪楼,湖南省湘潭市岳塘区湘潭市湘乡市昆仑桥办事处昆仑桥居委会,112.52733,27.731105
297,297,铭鸿大酒店,湖南省湘潭市岳塘区湘潭市雨湖区和平街道九华经开区吉利汽车对面,112.92503,27.93327
298,298,联盟幼儿园,湖南省湘潭市岳塘区湘潭市湘乡市望春门街道联盟幼儿园,112.5228,27.75127
299,299,射埠镇中心幼儿园,湖南省湘潭市岳塘区湘潭市湘潭县射埠镇中心幼儿园,112.789,27.63653
300,300,湘潭市第二人民医院,湖南省湘潭市岳塘区大湖北路38,112.894033,27.860231
301,301,红旗幼儿园,湖南省湘潭市岳塘区红旗农场盘龙新路22号疗养院附近,112.92926,27.84351
302,302,时尚阳光幼儿园,湖南省湘潭市岳塘区大湖街47号,112.89775,27.8579
303,303,湘钢新一村小区,湖南省湘潭市岳塘区湘潭市岳塘区岳塘街道泉心塘路雷公塘2号平房(湘钢住宅小区),112.91512,27.82206
304,304,江麓销售大楼,湖南省湘潭市岳塘区解放北路26号,112.89517,27.86721
305,305,翻江镇中心小学,湖南省湘潭市岳塘区翻江镇武陵村委会,112.19288,27.88844
306,306,阳光幼儿园,湖南省湘潭市岳塘区湘潭市韶山市清溪镇阳光幼儿园,112.56444,27.90155
307,307,韶山农商银行ATM,湖南省湘潭市岳塘区湘潭市韶山市清溪镇韶山农商银行atm,112.55369,27.92858
308,308,如意亭社区,湖南省湘潭市岳塘区湘潭市韶山市清溪镇如意亭社区,112.554858,27.928994
309,309,中国建设银行ATM,湖南省湘潭市岳塘区民主路7号韶山市人民医院,112.51917,27.93016
310,310,花园里,湖南省湘潭市岳塘区湘潭市岳塘区双马街道国强村,112.986283,27.816192
311,311,桂花园64号,湖南省湘潭市岳塘区湘潭市雨湖区窑湾街道桂花园64号,112.885091,27.868343
312,312,福星国际金融中心B座,湖南省湘潭市岳塘区湘潭市岳塘区宝塔街道福星中路与双拥北路交汇处(福星国际金融中心),112.937755,27.852984
313,313,江麓医院-注射室,湖南省湘潭市岳塘区江麓医院门诊部1层,112.888415,27.872328
314,314,维也纳酒店易俗河店,湖南省湘潭市岳塘区易俗河镇大鹏中路天易财富广场,112.95433,27.78302
315,315,红旗百货超市(星宇店),湖南省湘潭市岳塘区韶山东路210,112.914617,27.87073
316,316,松柏小学,湖南省湘潭市岳塘区湘潭市湘潭县青山桥镇,112.60383,27.47682
317,317,中国建设银行ATM,湖南省湘潭市岳塘区建设南路589,112.9165,27.83259
318,318,添可,湖南省湘潭市岳塘区湘潭市岳塘区宝塔街道福星中路与双拥北路交汇处(天虹商场(湘潭店)),112.937825,27.852386
319,319,桥湾社区,湖南省湘潭市岳塘区湘潭市岳塘区板塘街道桥湾社区,112.970201,27.863344
320,320,湖铁五矿第三生活区,湖南省湘潭市岳塘区乡市泉塘镇三角村,112.489024,27.716552
321,321,樟树小学,湖南省湘潭市岳塘区湘潭市湘潭县茶恩寺镇,112.863079,27.420996
322,322,世纪华联茂尔超市(美添来店),湖南省湘潭市岳塘区湘潭市雨湖区城正街街道新景家园东门东北方向200米,112.928163,27.871859
323,323,高图,湖南省湘潭市岳塘区湘潭市岳塘区宝塔街道福星中路与双拥北路交汇处(天虹商场(湘潭店)),112.937825,27.852386
324,324,桂花园9号,湖南省湘潭市岳塘区湘潭市雨湖区窑湾街道桂花园9号,112.886548,27.867607
325,325,冰河电器商场,湖南省湘潭市岳塘区金石镇中心小学西南100米东北方向60米,112.45554,28.00904
326,326,平安小区,湖南省湘潭市岳塘区湘潭市湘乡市望春门办事处星星村,112.52155,27.743145
327,327,中国邮政储蓄银行ATM,湖南省湘潭市岳塘区湘潭市湘乡市东郊乡中国邮政储蓄银行atm,112.60564,27.78614
328,328,司马幼儿园,湖南省湘潭市岳塘区湘潭市雨湖区鹤岭镇司马幼儿园,112.79034,27.90787
329,329,先锋乡文化广场,湖南省湘潭市岳塘区兴隆汽修厂西南方向160米,112.89117,27.89691
330,330,滨江花园9栋,湖南省湘潭市岳塘区湘潭市湘乡市望春门街道滨江花园9栋,112.533334,27.738203
331,331,湘潭·东方明珠C区,湖南省湘潭市岳塘区湘潭市岳塘区板塘街道,112.966101,27.870885
332,332,海诚医药大厦,湖南省湘潭市岳塘区宝庆路393号附近,112.8774,27.86002
333,333,禾花塘社区,湖南省湘潭市岳塘区湘潭市岳塘区下摄司街道,112.926903,27.814669
334,334,金霞美墅幼儿园,湖南省湘潭市岳塘区湘潭市湘潭县易俗河镇贵竹北路800(金霞美墅),112.96866,27.798085
335,335,小燕子幼儿园,湖南省湘潭市岳塘区湘潭市湘乡市潭市镇小燕子幼儿园,112.3647,27.67955
336,336,湘乡市湘铝示范学校,湖南省湘潭市岳塘区湘潭市湘乡市新湘路街道,112.508,27.74005
337,337,盘龙希望小学,湖南省湘潭市岳塘区湘潭市湘潭县茶恩寺镇,112.82532,27.40456
338,338,尚跃幼儿园,湖南省湘潭市岳塘区月山镇红阳村正北方向158米,112.31052,27.82766
339,339,福星国际金融中心C座,湖南省湘潭市岳塘区湘潭市岳塘区宝塔街道福星中路与双拥北路交汇处(福星国际金融中心),112.937482,27.853146
340,340,韶山农商银行ATM,湖南省湘潭市岳塘区湘潭市韶山市韶山乡韶山农商银行atm,112.43102,27.90211
341,341,恒盛连锁超市翻江商贸中心,湖南省湘潭市岳塘区湘潭市湘乡市翻江镇恒盛连锁超市翻江商贸中心,112.1768,27.83133
342,342,下湾完小,湖南省湘潭市岳塘区湘潭市湘乡市泉塘镇,112.46805,27.72025
343,343,岳塘区纺城铭苑,湖南省湘潭市岳塘区湘潭市岳塘区五里堆街道板塘铺芙蓉大道向阳村1号,112.958559,27.866548
344,344,良品铺子,湖南省湘潭市岳塘区湘潭市岳塘区宝塔街道福星中路与双拥北路交汇处(天虹商场(湘潭店)),112.937825,27.852386
345,345,新铺完小,湖南省湘潭市岳塘区县,112.661606,27.480117
346,346,湘潭县第二人民医院,湖南省湘潭市岳塘区湘潭市湘潭县花石镇,112.72252,27.513274
347,347,湘潭市第一幼儿园,湖南省湘潭市岳塘区鸡公嘴3号,112.89213,27.86043
348,348,湘潭县人民医院发热门诊,湖南省湘潭市岳塘区湘潭市玉兰中路432号(湘潭县人民医院),112.945227,27.771583
349,349,Nissum,湖南省湘潭市岳塘区湘潭市岳塘区宝塔街道福星中路与双拥北路交汇处(天虹商场(湘潭店)),112.937825,27.852386
350,350,乐尔乐特价批发超市(汤汤商店),湖南省湘潭市岳塘区湘潭市雨湖区雨湖路街道熙春路196东北方向40米,112.91424,27.86741
351,351,童之园书香幼儿园,湖南省湘潭市岳塘区芙蓉大道铅笔头二手车交易网旁,112.9514,27.84609
352,352,金衢大厦,湖南省湘潭市岳塘区建设北路260,112.899291,27.870219
353,353,富都花园南门,湖南省湘潭市岳塘区湘潭市岳塘区建设路街道东湖路1号(富都花园),112.910629,27.848638
354,354,中国邮政储蓄银行ATM,湖南省湘潭市岳塘区大鹏中路515,112.94609,27.7821
355,355,德才东山幼儿园,湖南省湘潭市岳塘区东山新城湘房世纪城二期16幢,112.5341,27.7282
356,356,上花园,湖南省湘潭市岳塘区湘潭市湘乡市山枣镇双林村,112.421644,27.677721
357,357,湘潭云龙实验学校,湖南省湘潭市岳塘区雪松中路189,112.951156,27.779914
358,358,桂花中学,湖南省湘潭市岳塘区湘潭市湘乡市中沙镇,112.37425,27.514844
359,359,湘潭凤凰中学,湖南省湘潭市岳塘区凤凰中路699,112.949477,27.786841
360,360,众惠购超市,湖南省湘潭市岳塘区清溪镇正东方向170米,112.5198,27.92731
361,361,加佳福超市(昭祥新城2期店),湖南省湘潭市岳塘区湘潭市岳塘区昭山镇昭祥新城1期1标15栋005号正北方向50米,113.006638,27.911898
362,362,五菱幼儿园,湖南省湘潭市岳塘区板马路95正北方向65米,112.96056,27.86174
363,363,长虹里小区,湖南省湘潭市岳塘区建设南路68号正南方向80米,112.91805,27.82983
364,364,易俗河镇石壁小学,湖南省湘潭市岳塘区湘潭市湘潭县易俗河镇,113.004059,27.713256
365,365,湘潭市第二幼儿园,湖南省湘潭市岳塘区广新巷28号,112.895,27.86938
366,366,天天向上幼儿园,湖南省湘潭市岳塘区湘潭市湘潭县谭家山镇,112.945311,27.632956
367,367,吴家小学,湖南省湘潭市岳塘区湘潭市湘潭县茶恩寺镇,112.854433,27.377678
368,368,石油小区,湖南省湘潭市岳塘区湘潭市雨湖区云塘街道韶山东路45号,112.91795,27.87413
369,369,新平批发超市,湖南省湘潭市岳塘区湘潭市湘乡市白田镇,112.38313,27.89477
370,370,乐尔乐特价批发超市,湖南省湘潭市岳塘区湘潭市湘乡市东山街道惜才路206,112.528608,27.724607
371,371,湖南银行振湘支行,湖南省湘潭市岳塘区雨湖路314,112.90071,27.85815
372,372,金豆苗幼儿园,湖南省湘潭市岳塘区东山安置区二期G10栋,112.54232,27.73036
373,373,潲江小学,湖南省湘潭市岳塘区湘潭市湘潭县花石镇,112.717205,27.436448
374,374,湘潭市中心医院-门诊部,湖南省湘潭市岳塘区和平路120号,112.90617,27.86638
375,375,江麓医院-急诊,湖南省湘潭市岳塘区解放北路,112.8889,27.87218
376,376,葩金小区,湖南省湘潭市岳塘区芙蓉西路168东南方向170米,112.91815,27.82519
377,377,湘潭九华雅礼中学,湖南省湘潭市岳塘区湘潭市雨湖区和平街道,112.9806,27.958293
378,378,湘潭市第六人民医院南门,湖南省湘潭市岳塘区河东大道23湘潭市第六人民医院,112.929687,27.844314
379,379,华星幼儿园,湖南省湘潭市岳塘区工程学院分院旁正南方向110米,112.93173,27.8539
380,380,中国农业银行ATM,湖南省湘潭市岳塘区韶山西路419,112.88795,27.86333
381,381,湘潭福星仁科康复医院,湖南省湘潭市岳塘区湘潭市岳塘区建设路街道,112.921501,27.843674
382,382,步步高超市(解放路店),湖南省湘潭市岳塘区解放南路195号,112.89861,27.86076
383,383,特殊学校-公交站,湖南省湘潭市岳塘区特殊学校,112.9527,27.852619
384,384,商场巷36号,湖南省湘潭市岳塘区湘潭市雨湖区窑湾街道商场巷36号,112.897189,27.871888
385,385,湘潭市第三中学,湖南省湘潭市岳塘区公园路21号,112.90558,27.83624
386,386,逢友里日式烤肉自助(城市盒子店),湖南省湘潭市岳塘区湘潭市雨湖区雨湖路街道车站路1号城市盒子商场内4楼408,112.901902,27.863382
387,387,湘潭同康医院,湖南省湘潭市岳塘区湘潭市湘潭县河口镇,112.862915,27.778356
388,388,吴家巷社区,湖南省湘潭市岳塘区湘潭市湘潭县易俗河镇吴家巷社区,112.950447,27.765078
389,389,湘潭捷雅肾病专科医院,湖南省湘潭市岳塘区湘潭市岳塘区板塘街道,112.951766,27.836325
390,390,青山桥镇中心学校,湖南省湘潭市岳塘区青山桥镇西南方向91米,112.570095,27.495744
391,391,惠宜生活超市(贵竹中路店),湖南省湘潭市岳塘区湘潭市湘潭县易俗河镇天易路107号正南方向180米,112.969811,27.782302
392,392,务门前社区,湖南省湘潭市岳塘区湘潭市湘乡市望春门街道务门前社区,112.530759,27.738002
393,393,南天宿舍区,湖南省湘潭市岳塘区岳塘区,113.014719,27.959686
394,394,汽车站货运分公司宿舍区,湖南省湘潭市岳塘区湘潭市湘乡市望春门办事处星星村,112.529438,27.740477
395,395,湘潭市肿瘤医院,湖南省湘潭市岳塘区书院路100,112.923439,27.819944
396,396,金芙蓉北区,湖南省湘潭市岳塘区岚霞路219,112.91379,27.82909
397,397,湘潭县中医医院发热门诊,湖南省湘潭市岳塘区凤凰西路388湘潭县中医医院,112.9324,27.78239
398,398,白云学校,湖南省湘潭市岳塘区湘潭市湘乡市棋梓镇白云学校,112.17289,27.74562
399,399,童程童美,湖南省湘潭市岳塘区湘潭市岳塘区宝塔街道天虹商场(湘潭店)3层,112.937825,27.852386
400,400,湘乡农商银行杉山分理处,湖南省湘潭市岳塘区湘潭市湘乡市棋梓镇湘乡农商银行杉山分理处,112.1328,27.75868
401,401,中国工商银行湘潭市分行,湖南省湘潭市岳塘区韶山中路1号,112.9005,27.86691
402,402,喜洋洋幼儿园,湖南省湘潭市岳塘区霞光西路94,112.9109,27.83022
403,403,智慧树幼儿园,湖南省湘潭市岳塘区新湘路办事处工贸新区长桥村2栋东北方向82米,112.51392,27.744
404,404,土桥中学,湖南省湘潭市岳塘区湘潭市湘潭县射埠镇,112.85305,27.66511
405,405,韶山市人民医院信息科,湖南省湘潭市岳塘区民主路7号韶山市人民医院,112.51898,27.93015
406,406,中国邮政储蓄银行ATM,湖南省湘潭市岳塘区湘潭市雨湖区姜畲镇中国邮政储蓄银行atm,112.817109,27.86016
407,407,天元恒太城,湖南省湘潭市岳塘区湘潭市岳塘区东坪街道岚园路4号东南方向60米,112.911718,27.838986
408,408,湘乡市人民医院棋梓分院,湖南省湘潭市岳塘区湘潭市湘乡市棋梓镇,112.2381,27.720637
409,409,古云小学,湖南省湘潭市岳塘区湘潭市湘潭县石潭镇,112.696318,27.804918
410,410,韶山市人民医院-门诊,湖南省湘潭市岳塘区民主路7号,112.51947,27.93027
411,411,国庆小区,湖南省湘潭市岳塘区湘潭市雨湖区云塘街道韶山东路附近,112.915592,27.87282
412,412,中国银行霞光东路支行,湖南省湘潭市岳塘区霞光东路丝绸大厦,112.94311,27.83943
413,413,东坪街道三角坪社区文化广场,湖南省湘潭市岳塘区建设中路东北方向120米,112.90888,27.84676
414,414,富强社区,湖南省湘潭市岳塘区湘潭市雨湖区万楼街道,112.916091,27.879295
415,415,易俗河镇双拥广场,湖南省湘潭市岳塘区湘潭市湘潭县易俗河镇湘江以南?瓦屋湾路以东?城投制水以北,112.976174,27.802548
416,416,湘乡市行政学校,湖南省湘潭市岳塘区湘乡红仑上,112.503818,27.753563
417,417,小白鹭艺术学校,湖南省湘潭市岳塘区湘潭市韶山市清溪镇小白鹭艺术学校,112.51562,27.92339
418,418,桂花园61号,湖南省湘潭市岳塘区湘潭市雨湖区窑湾街道桂花园61号,112.884689,27.868521
419,419,湘潭尔康医院,湖南省湘潭市岳塘区板马路与Z003交叉口西南100米正南方向141米,112.96003,27.86544
420,420,迎宾东路园丁花园4号楼,湖南省湘潭市岳塘区湘潭市雨湖区窑湾街道迎宾东路园丁花园4号楼,112.887022,27.861097
421,421,湘乡市人民医院-检验科,湖南省湘潭市岳塘区健康路湘乡市人民医院门诊3楼,112.52165,27.73218
422,422,家天下房产东信花园店,湖南省湘潭市岳塘区湘潭市岳塘区五里堆街道长潭路199号,112.95612,27.86669
423,423,湘潭盘龙大观园·樱花园,湖南省湘潭市岳塘区芙蓉大道197湘潭盘龙大观园,113.00903,27.90713
424,424,白托中心小学,湖南省湘潭市岳塘区湘潭市湘潭县石潭镇,112.661489,27.762619
425,425,东信花园1栋,湖南省湘潭市岳塘区湘潭市岳塘区下摄司街道东信花园1栋,112.951577,27.863325
426,426,爱尚幼儿园,湖南省湘潭市岳塘区湘潭市雨湖区先锋街道爱尚幼儿园,112.867191,27.868106
427,427,韶山市实验中学,湖南省湘潭市岳塘区英雄路邮政大楼正南方向91米,112.519355,27.924128
428,428,韶山市人民医院-洗衣房,湖南省湘潭市岳塘区民主路7号韶山市人民医院,112.51902,27.93106
429,429,尚格花园茶餐厅,湖南省湘潭市岳塘区湘潭市湘乡市新湘路街道大正街262,112.525,27.73541
430,430,湘潭市金桂园小区,湖南省湘潭市岳塘区湘潭市雨湖区广场街道建设北路297号西北方向60米,112.89665,27.876652
431,431,新塘社区,湖南省湘潭市岳塘区湘潭市岳塘区霞城街道新塘社区,112.926613,27.822842
432,432,中国建设银行ATM,湖南省湘潭市岳塘区九华经济区宝马东路1号九华大厦1楼,112.9351,27.914
433,433,好又多精品超市,湖南省湘潭市岳塘区湘潭市雨湖区楠竹山镇楠韶路4号正东方向40米,112.656713,27.84923
434,434,木林森,湖南省湘潭市岳塘区湘潭市岳塘区宝塔街道福星中路与双拥北路交汇处(天虹商场(湘潭店)),112.937825,27.852386
435,435,中国工商银行ATM,湖南省湘潭市岳塘区湘潭市岳塘区荷塘街道中国工商银行atm,112.96582,27.87672
436,436,韶峰电器商场,湖南省湘潭市岳塘区韶山中路,112.5263,27.92541
437,437,麓兴小区,湖南省湘潭市岳塘区湘潭市雨湖区广场街道麓兴小区,112.88058,27.87635
438,438,湘潭市竞才培训学校,湖南省湘潭市岳塘区湘潭市雨湖区雨湖路街道雨湖宾馆6层,112.904711,27.861732
439,439,易俗河镇白石广场金霞山公园及金霞山广场,湖南省湘潭市岳塘区湘潭市湘潭县易俗河镇凤凰东路以南?贵竹路以东西,112.970141,27.79569
440,440,湘潭市雨湖区园丁花园3栋,湖南省湘潭市岳塘区湘潭市雨湖区昭潭街道园丁花园3栋,112.887533,27.861249
441,441,银田电器商场,湖南省湘潭市岳塘区银田镇银河路9号东南方向20米,112.60798,27.8829
442,442,垦殖场社区,湖南省湘潭市岳塘区湘潭市湘乡市龙洞镇,112.514601,27.838605
443,443,喜之林大酒店,湖南省湘潭市岳塘区芙蓉东路100,112.95258,27.83468
444,444,湘潭县人民医院-放射科,湖南省湘潭市岳塘区湘潭市湘潭县人民医院1层,112.945144,27.7696
445,445,昭山和平小学,湖南省湘潭市岳塘区易家湾镇昭山和平小学南100米正南方向113米,113.01088,27.91149
446,446,湘乡市人民医院,湖南省湘潭市岳塘区健康路30号,112.5217,27.73229
447,447,紫薇小区,湖南省湘潭市岳塘区紫薇南路27,112.95084,27.78366
448,448,建东学校,湖南省湘潭市岳塘区湘潭市湘潭县云湖桥镇,112.648696,27.88381
449,449,明洞,湖南省湘潭市岳塘区湘潭市岳塘区宝塔街道福星中路天虹商场2楼,112.937976,27.852493
450,450,御湖国际,湖南省湘潭市岳塘区湘潭市雨湖区和平街道江南大道3号,112.92146,27.9139
451,451,红青蓝幼儿园,湖南省湘潭市岳塘区湘潭市湘潭县石潭镇红青蓝幼儿园,112.67252,27.8071
452,452,亿家隆超市,湖南省湘潭市岳塘区建设南路160,112.923,27.82495
453,453,湘乡口腔医院,湖南省湘潭市岳塘区湘潭市湘乡市昆仑桥街道健康北路108号,112.522603,27.733273
454,454,金塘社区,湖南省湘潭市岳塘区湘潭市雨湖区先锋街道,112.896924,27.886533
455,455,月山镇金坪幼儿园,湖南省湘潭市岳塘区湘潭市湘乡市月山镇金坪幼儿园,112.28947,27.8369
456,456,英才实验幼儿园,湖南省湘潭市岳塘区云鹏二路99,112.94911,27.78064
457,457,欣欣幼儿园,湖南省湘潭市岳塘区湘潭市岳塘区东坪街道欣欣幼儿园,112.90277,27.829
458,458,湘潭农商银行ATM,湖南省湘潭市岳塘区湘潭市雨湖区姜畲镇湘潭农商银行atm,112.81938,27.86274
459,459,水印康桥小区,湖南省湘潭市岳塘区湘潭市湘潭县易俗河镇海棠北路618正东方向150米,112.961971,27.795418
460,460,南岭花园-西门,湖南省湘潭市岳塘区湘潭市雨湖区广场街道南岭路90号,112.885181,27.865557
461,461,健康花园路口-公交站,湖南省湘潭市岳塘区健康花园路口,112.523602,27.732043
462,462,幸福幼儿园,湖南省湘潭市岳塘区石潭镇古城管区畜牧场正南方向188米,112.70035,27.7977
463,463,摇钱社区,湖南省湘潭市岳塘区湘潭市岳塘区板塘街道,112.96451,27.841827
464,464,湘乡市人民医院-病理科,湖南省湘潭市岳塘区健康路湘乡市人民医院门诊5楼,112.52165,27.73218
465,465,天宇批发超市,湖南省湘潭市岳塘区湘潭市湘潭县易俗河镇荷花北路欣积福湾二期3栋,112.961034,27.790303
466,466,湘潭县小精灵幼儿园,湖南省湘潭市岳塘区湘潭市湘潭县谭家山镇小精灵幼儿园,112.99734,27.65551
467,467,新农村平价超市,湖南省湘潭市岳塘区湘潭市湘潭县射埠镇新农村平价超市,112.7872,27.63466
468,468,喜洋洋幼儿园,湖南省湘潭市岳塘区湘潭市雨湖区姜畲镇喜洋洋幼儿园,112.78349,27.87208
469,469,福运多超市,湖南省湘潭市岳塘区楠竹山锦江大厦对面西北方向50米,112.65385,27.84906
470,470,马龙小学,湖南省湘潭市岳塘区湘潭市湘乡市月山镇,112.262546,27.85787
471,471,丝绸大厦,湖南省湘潭市岳塘区金星大酒店对面,112.94275,27.83902
472,472,星速度轮滑,湖南省湘潭市岳塘区湘潭市岳塘区宝塔街道福星中路与双拥北路交汇处(天虹商场(湘潭店)),112.937825,27.852386
473,473,新望花园,湖南省湘潭市岳塘区湘潭市湘乡市望春门街道东风路52号,112.52595,27.7424
474,474,湘潭友爱医院,湖南省湘潭市岳塘区宝塔路,112.92322,27.83996
475,475,天虹南门,湖南省湘潭市岳塘区福星中路与双拥北路交汇处天虹商场湘潭店,112.93816,27.85242
476,476,尚美艺术培训学校,湖南省湘潭市岳塘区湘潭市湘乡市新湘路街道向红路333,112.517963,27.744287
477,477,花园路,湖南省湘潭市岳塘区湘潭市湘潭县中路铺镇花园路,112.92463,27.557115
478,478,江麓医院-胃肠镜室,湖南省湘潭市岳塘区江麓医院门诊部10层,112.888415,27.872328
479,479,友谊新村小区,湖南省湘潭市岳塘区书院东路1号西北方向50米,112.92798,27.81932
480,480,湘乡中医医院-放射科,湖南省湘潭市岳塘区新湘路湘乡中医医院门诊大楼2楼,112.52388,27.73583
481,481,栗山学校,湖南省湘潭市岳塘区湘潭市湘乡市月山镇,112.328193,27.852788
482,482,桂花园43号,湖南省湘潭市岳塘区湘潭市雨湖区窑湾街道桂花园43号,112.885567,27.868775
483,483,火炬南路馨钢花园3栋,湖南省湘潭市岳塘区湘潭市岳塘区下摄司街道火炬南路馨钢花园3栋,112.94804,27.828067
484,484,家家乐超市,湖南省湘潭市岳塘区湘潭市湘乡市虞唐镇家家乐超市,112.3287,27.63553
485,485,石江小学,湖南省湘潭市岳塘区湘潭市湘乡市东郊乡菜石江村,112.530623,27.776087
486,486,湘潭农商银行ATM,湖南省湘潭市岳塘区东湖路62,112.91678,27.85099
487,487,湘潭市中心医院-骨科二区,湖南省湘潭市岳塘区中心医院-9号楼(住院大楼)11层,112.906258,27.865093
488,488,向红幼儿园,湖南省湘潭市岳塘区云湖桥镇建东村正北方向108米,112.64887,27.87357
489,489,商场巷37号,湖南省湘潭市岳塘区湘潭市雨湖区窑湾街道商场巷37号,112.89715,27.871888
490,490,湘纺中学,湖南省湘潭市岳塘区板塘铺社建村办事处学卫社区旁,112.94966,27.86592
491,491,乐购超市,湖南省湘潭市岳塘区湘潭市湘乡市东山街道乐购超市,112.54036,27.72173
492,492,桂花园8号,湖南省湘潭市岳塘区湘潭市雨湖区窑湾街道桂花园8号,112.886661,27.867639
493,493,四海通超市,湖南省湘潭市岳塘区湘潭市湘乡市东山街道涟滨南路滨江豪庭11栋101正东方向120米,112.539,27.73829
494,494,建设银行-公交站,湖南省湘潭市岳塘区建设银行,112.899947,27.871801
495,495,飞机坪社区,湖南省湘潭市岳塘区湘潭市岳塘区书院路街道飞机坪社区,112.933018,27.816003
496,496,中国建设银行湘纺支行,湖南省湘潭市岳塘区长潭路165,112.95588,27.86306
497,497,山枣供销超市,湖南省湘潭市岳塘区山枣镇龙泉村东北方向90米,112.45329,27.65642
498,498,乐尔乐特价批发超市(代华便利店),湖南省湘潭市岳塘区湘潭市雨湖区云塘街道杨家湾161西北方向40米,112.906608,27.870893
499,499,一大桥河西桥头公园,湖南省湘潭市岳塘区湘潭市雨湖区昭潭街道湖园路33号正北方向189米西南方向110米,112.903647,27.856517
500,500,电厂新村幼儿园,湖南省湘潭市岳塘区湘潭市岳塘区宝塔街道芙蓉路51号(电厂新村),112.949431,27.834638
501,501,起凤广场,湖南省湘潭市岳塘区湘潭市湘乡市东山街道民主路341正西方向140米,112.53396,27.73142
502,502,中国工商银行ATM,湖南省湘潭市岳塘区富洲路98号,112.93466,27.91398
503,503,快乐幼儿园,湖南省湘潭市岳塘区湘潭市湘潭县易俗河镇快乐幼儿园,112.87344,27.73012
504,504,秦汉商贸大厦,湖南省湘潭市岳塘区车站路15号,112.903791,27.864714
505,505,金龙花园,湖南省湘潭市岳塘区湘潭市湘乡市新湘路街道金龙花园,112.5107,27.74014
506,506,中瀚财富广场,湖南省湘潭市岳塘区吉安路77号,112.95093,27.83184
507,507,中国建设银行湘大分理处,湖南省湘潭市岳塘区羊牯塘湘潭大学,112.85926,27.88675
508,508,白石花园2栋,湖南省湘潭市岳塘区湘潭市湘潭县易俗河镇百花社区白石花园2栋,112.947135,27.785913
509,509,中国农业银行ATM,湖南省湘潭市岳塘区河东大道666,112.93496,27.84473
510,510,娜尔思,湖南省湘潭市岳塘区湘潭市岳塘区宝塔街道福星中路与双拥北路交汇处(天虹商场(湘潭店)),112.937825,27.852386
511,511,湘铝幼儿园,湖南省湘潭市岳塘区新湘路城西村七组东南方向140米,112.50472,27.73961
512,512,巴真,湖南省湘潭市岳塘区湘潭市岳塘区宝塔街道福星中路与双拥北路交汇处(天虹商场(湘潭店)),112.937825,27.852386
513,513,乌石镇中心学校,湖南省湘潭市岳塘区湘潭市湘潭县乌石镇,112.666423,27.689955
514,514,华雅花园北门,湖南省湘潭市岳塘区友谊广场电工路1号华雅花园,112.930195,27.818451
515,515,湘潭县易俗河农机商场,湖南省湘潭市岳塘区玉兰中路185,112.94174,27.77767
516,516,湘潭仁和医院-住院部,湖南省湘潭市岳塘区迎宾中路115号,112.88336,27.85916
517,517,郑家学校,湖南省湘潭市岳塘区湘潭市雨湖区响水乡,112.856573,27.918607
518,518,中国建设银行ATM,湖南省湘潭市岳塘区长株潭综合批发大市场副楼区B1栋,113.0151,27.92792
519,519,壶天镇惠农综合服务中心山坪商贸中心,湖南省湘潭市岳塘区湘潭市湘乡市壶天镇,112.12053,27.82496
520,520,瓦屋湾社区,湖南省湘潭市岳塘区湘潭市湘潭县易俗河镇瓦屋湾社区,112.965166,27.795559
521,521,湘潭市中心医院-神经外科,湖南省湘潭市岳塘区中心医院-9号楼(住院大楼)9层,112.906258,27.865093
522,522,中国工商银行锰矿支行,湖南省湘潭市岳塘区鹤岭街道果沙塘鹤岭路24号,112.85482,27.96277
523,523,洪塘学校,湖南省湘潭市岳塘区湘潭市湘乡市山枣镇,112.402251,27.698735
524,524,启梦幼儿园,湖南省湘潭市岳塘区湘潭市湘潭县中路铺镇启梦幼儿园,112.83933,27.56545
525,525,湘潭建春医院,湖南省湘潭市岳塘区韶山东路422东南方向162米,112.90994,27.8716
526,526,晨曦幼儿园,湖南省湘潭市岳塘区板塘区长潭路35号正西方向166米,112.50726,27.52405
527,527,易简,湖南省湘潭市岳塘区湘潭市岳塘区宝塔街道福星中路与双拥北路交汇处(天虹商场(湘潭店)),112.937825,27.852386
528,528,晟光大厦,湖南省湘潭市岳塘区大湖北路1,112.89393,27.85968
529,529,富民城社区,湖南省湘潭市岳塘区湘潭市雨湖区昭潭街道富民城社区,112.885742,27.860631
530,530,雨湖区鹤岭镇幼儿园,湖南省湘潭市岳塘区湘潭市雨湖区鹤岭镇,112.829999,27.973075
531,531,新天小区,湖南省湘潭市岳塘区枣园路西北方向100米,112.51534,27.9266
532,532,明星幼儿园,湖南省湘潭市岳塘区湘潭市湘乡市东山街道明星幼儿园,112.54449,27.72926
533,533,湘潭农商银行ATM,湖南省湘潭市岳塘区韶山东路68号(护潭广场),112.92167,27.87352
534,534,朝霞幼儿园,湖南省湘潭市岳塘区湘潭市湘潭县茶恩寺镇朝霞幼儿园,112.87053,27.39452
535,535,桔园小区,湖南省湘潭市岳塘区湘潭市岳塘区东坪街道,112.901746,27.839115
536,536,鸿华小区,湖南省湘潭市岳塘区湘潭市岳塘区岳塘街道芙蓉西路8号,112.91395,27.82377
537,537,车站路社区,湖南省湘潭市岳塘区湘潭市雨湖区雨湖路街道车站路社区,112.902828,27.86365
538,538,谭家山镇中心学校,湖南省湘潭市岳塘区县谭家山镇棠霞村委会,112.954412,27.646643
539,539,皇室幼儿园,湖南省湘潭市岳塘区湘潭市湘潭县乌石镇皇室幼儿园,112.624044,27.680538
540,540,体育公园,湖南省湘潭市岳塘区湘潭市岳塘区东坪街道建设中路与福星西路交界,112.9095,27.84432
541,541,中国农业银行ATM,湖南省湘潭市岳塘区芙蓉西路299,112.91359,27.82379
542,542,湘潭天易示范区文体公园,湖南省湘潭市岳塘区湘潭市湘潭县易俗河镇江湾广场B1层64号236号正北方向140米,112.966297,27.797968
543,543,精致生活超市,湖南省湘潭市岳塘区福星中路169号福星国际金融中心天虹百货2楼,112.93816,27.85242
544,544,世外桃源购物中心,湖南省湘潭市岳塘区湘潭市雨湖区响水乡,112.90703,27.90033
545,545,第六空间大都会家居家家美商场,湖南省湘潭市岳塘区湘潭市岳塘区双马街道湘潭大道与芙蓉大道交叉口,112.952804,27.83206
546,546,四总社区,湖南省湘潭市岳塘区湘潭市湘乡市潭市镇,112.348295,27.718693
547,547,湘潭市中医医院-急诊,湖南省湘潭市岳塘区人民路238,112.89457,27.85483
548,548,韶山农商银行如意支行,湖南省湘潭市岳塘区湘潭市韶山市清溪镇,112.55372,27.92863
549,549,路口社区,湖南省湘潭市岳塘区湘潭市岳塘区昭山镇路口社区,113.027249,27.933383
550,550,金都地下商场,湖南省湘潭市岳塘区潭邵路5正东方向160米,112.87733,27.86095
551,551,湘乡市第一中学,湖南省湘潭市岳塘区健康西路正北方向184米,112.521072,27.730249
552,552,盘龙社区,湖南省湘潭市岳塘区河东大道23正南方向200米,112.929404,27.842577
553,553,长沙银行湘潭分行,湖南省湘潭市岳塘区芙蓉路52号,112.94658,27.83267
554,554,大桥花园2栋,湖南省湘潭市岳塘区湘潭市湘乡市昆仑桥街道大桥花园2栋,112.522347,27.724739
555,555,小火车,湖南省湘潭市岳塘区湘潭市岳塘区宝塔街道福星中路与双拥北路交汇处(天虹商场(湘潭店)),112.937825,27.852386
556,556,湘乡市名民实验中学,湖南省湘潭市岳塘区湘潭市湘乡市东郊乡,112.5433,27.77585
557,557,日日升超市,湖南省湘潭市岳塘区英雄路韶山广播电视局隔壁,112.52158,27.92295
558,558,江湾广场,湖南省湘潭市岳塘区湘潭市湘潭县易俗河镇江湾广场B1层64号236号东北方向80米,112.966269,27.797408
559,559,火炬南路馨钢花园4栋,湖南省湘潭市岳塘区湘潭市岳塘区下摄司街道火炬南路馨钢花园4栋,112.94948,27.828476
560,560,湖南银行ATM,湖南省湘潭市岳塘区湖湘西路1号,112.930403,27.832094
561,561,嘟嘟象培训学校,湖南省湘潭市岳塘区湘潭市湘乡市东山街道起凤路和民主路交汇励志城邦12栋101(碧桂园旁),112.53701,27.729747
562,562,涓江学校,湖南省湘潭市岳塘区湘潭市湘潭县花石镇,112.727118,27.557858
563,563,古塘桥中心小学,湖南省湘潭市岳塘区湘潭市湘潭县河口镇,112.811851,27.712972
564,564,二纺厂小区,湖南省湘潭市岳塘区潭锰路31正西方向180米,112.89888,27.88342
565,565,机关幼儿园,湖南省湘潭市岳塘区夏梓桥,112.53123,27.7389
566,566,锦源广场,湖南省湘潭市岳塘区湘潭市岳塘区宝塔街道芙蓉中路38东北方向120米,112.94123,27.83301
567,567,起凤路社区,湖南省湘潭市岳塘区湘潭市湘乡市东山街道,112.541725,27.740634
568,568,湘潭市口腔医院-东南门,湖南省湘潭市岳塘区湘潭市雨湖区雨湖路街道雨湖路95号(湘潭市口腔医院本部),112.907304,27.863181
569,569,南岭花园商务会所旗舰店,湖南省湘潭市岳塘区湘潭市雨湖区广场街道南岭路95号,112.88514,27.86603
570,570,湘潭市中心医院-泌尿外科,湖南省湘潭市岳塘区中心医院-9号楼(住院大楼)19层,112.906258,27.865093
571,571,江麓医院-五官科门诊,湖南省湘潭市岳塘区江麓医院门诊部2层,112.888415,27.872328
572,572,快点便利超市,湖南省湘潭市岳塘区晓塘东路天利恩泽厂区内正东方向200米,112.95528,27.82806
573,573,龙城广场,湖南省湘潭市岳塘区湘潭市湘乡市新湘路街道东山北路276西南方向60米,112.51674,27.73873
574,574,明德小学,湖南省湘潭市岳塘区湘潭市湘乡市潭市镇,112.353777,27.706593
575,575,湘潭农商银行ATM,湖南省湘潭市岳塘区湘潭市岳塘区昭山镇湘潭农商银行atm,113.01195,27.96161
576,576,湘乡市第四中学,湖南省湘潭市岳塘区泉塘镇繁育村,112.4814,27.74006
577,577,中国银行湘潭金柱支行,湖南省湘潭市岳塘区河东大道48号金桂名城1号,112.925,27.84026
578,578,纱厂街社区,湖南省湘潭市岳塘区湘潭市岳塘区五里堆街道纱厂街社区,112.952296,27.85997
579,579,安乐社区,湖南省湘潭市岳塘区湘潭市岳塘区五里堆街道板马路与Z003交叉口西南100米西南方向130米,112.958944,27.863491
580,580,湘潭市岳塘区星福花园5栋,湖南省湘潭市岳塘区湘潭市岳塘区建设路街道星福花园5栋,112.910432,27.846443
581,581,九华启明星幼儿园,湖南省湘潭市岳塘区九华经开区,112.919,27.91182
582,582,桂花自选商场,湖南省湘潭市岳塘区东郊乡长分村正东方向80米,112.57768,27.77289
583,583,乐贝儿幼儿园,湖南省湘潭市岳塘区湘潭市湘乡市龙洞镇乐贝儿幼儿园,112.5108,27.82979
584,584,紫山小学,湖南省湘潭市岳塘区湘潭市湘潭县排头乡,112.672474,27.621893
585,585,杨嘉桥中学,湖南省湘潭市岳塘区湘潭市湘潭县杨嘉桥镇,112.778785,27.774793
586,586,桂花园7号,湖南省湘潭市岳塘区湘潭市雨湖区窑湾街道桂花园7号,112.88674,27.867426
587,587,棉麻布衣素,湖南省湘潭市岳塘区湘潭市岳塘区宝塔街道天虹商场(湘潭店)2层,112.937825,27.852386
588,588,常青藤艺术培训学校,湖南省湘潭市岳塘区湘潭市湘潭县石潭镇常青藤艺术培训学校,112.70826,27.75417
589,589,楠竹山工业小区,湖南省湘潭市岳塘区湘潭市雨湖区楠竹山镇江南金属制品厂附近,112.663467,27.844207
590,590,中银综合大厦,湖南省湘潭市岳塘区易俗河镇凤凰中路871号,112.94662,27.78771
591,591,艺都大酒店,湖南省湘潭市岳塘区九华杉山社区华美丽都对面,112.92694,27.93371
592,592,湘乡农商银行新研支行,湖南省湘潭市岳塘区湘潭市湘乡市东郊乡湘乡农商银行新研支行,112.60787,27.78642
593,593,湘潭农商银行湘电支行,湖南省湘潭市岳塘区岳塘路7,112.91744,27.81931
594,594,湖南省有色地质勘查局二总队鑫山小区,湖南省湘潭市岳塘区湘潭市岳塘区建设路街道河东大道988号鑫海大厦,112.91204,27.84966
595,595,云盘花园小区B区-东门,湖南省湘潭市岳塘区湘潭市岳塘区宝塔街道河东大道169号(云盘花园小区B区),112.946968,27.845889
596,596,湘乡农商银行ATM,湖南省湘潭市岳塘区湘潭市湘乡市东郊乡湘乡农商银行atm,112.54709,27.758
597,597,金龙花园9栋,湖南省湘潭市岳塘区湘潭市湘乡市新湘路街道金龙花园9栋,112.510074,27.739679
598,598,湘乡中医医院-护理部,湖南省湘潭市岳塘区新湘路湘乡中医医院门诊大楼5楼,112.52388,27.73583
599,599,严冲小学,湖南省湘潭市岳塘区湘潭市湘潭县排头乡,112.66543,27.584
600,600,火炬南路馨钢花园15栋,湖南省湘潭市岳塘区湘潭市岳塘区下摄司街道火炬南路馨钢花园15栋,112.948566,27.829797
601,601,松香苑小区,湖南省湘潭市岳塘区雪松南路98,112.94821,27.77115
602,602,金龙花园11栋,湖南省湘潭市岳塘区湘潭市湘乡市新湘路街道金龙花园11栋,112.509974,27.740184
603,603,麦子石中学,湖南省湘潭市岳塘区零零四县道附近正西方向105米,113.00589,27.7387
604,604,乐购超市,湖南省湘潭市岳塘区湘潭市雨湖区先锋街道,112.89805,27.89345
605,605,慧通幼儿园,湖南省湘潭市岳塘区湘潭市湘潭县易俗河镇梧桐路以西涓江天易新城3栋1单元1-101-201号正北方向40米,112.970299,27.780452
606,606,湘钢晓塘住宅小区钢晓村小区,湖南省湘潭市岳塘区岳塘区,112.920308,27.824752
607,607,桂花园49号,湖南省湘潭市岳塘区湘潭市雨湖区窑湾街道桂花园49号,112.885133,27.869229
608,608,商场巷15号,湖南省湘潭市岳塘区湘潭市雨湖区窑湾街道商场巷15号,112.897318,27.869886
609,609,启明幼儿园,湖南省湘潭市岳塘区湘潭市湘乡市月山镇启明幼儿园,112.35545,27.82391
610,610,竹霞学校,湖南省湘潭市岳塘区湘潭市湘潭县谭家山镇,113.025409,27.633045
611,611,中国工商银行ATM,湖南省湘潭市岳塘区熙春路延长线城正街街道板石巷,112.919217,27.869804
612,612,天元湘潭中心A座,湖南省湘潭市岳塘区湘潭市岳塘区东坪街道岚园路4号(天元湘潭中心),112.911898,27.838436
613,613,虞唐超市,湖南省湘潭市岳塘区虞塘镇虞塘村西南方向190米,112.35437,27.60992
614,614,三建兴城办公大楼,湖南省湘潭市岳塘区湘潭市岳塘区霞城街道书院路36号东北方向30米,112.942461,27.818627
615,615,国强社区,湖南省湘潭市岳塘区湘潭市岳塘区双马街道国强社区,112.980333,27.83107
616,616,下摄司五星安置小区,湖南省湘潭市岳塘区湘潭市岳塘区霞城街道下摄司五星安置小区,112.92537,27.80054
617,617,家佳源生活超市,湖南省湘潭市岳塘区新乡路49号原龙城电影院,112.51989,27.73491
618,618,湘乡中医医院-留观室,湖南省湘潭市岳塘区新湘路湘乡中医医院门诊大楼1楼,112.52388,27.73583
619,619,西山学校,湖南省湘潭市岳塘区湘潭市湘乡市栗山镇,112.396388,27.617652
620,620,马家堰中心小学,湖南省湘潭市岳塘区湘潭市湘潭县白石镇,112.935214,27.47095
621,621,中国农业银行湘乡支行,湖南省湘潭市岳塘区新湘路27号,112.52174,27.73548
622,622,湘乡东山医院,湖南省湘潭市岳塘区起凤路,112.53065,27.7234
623,623,七里小学,湖南省湘潭市岳塘区湘潭市湘潭县云湖桥镇,112.732773,27.841673
624,624,东山学校-公交站,湖南省湘潭市岳塘区东山学校,112.545578,27.732885
625,625,湘潭市岳塘区彩霞花园3栋,湖南省湘潭市岳塘区湘潭市岳塘区下摄司街道彩霞花园3栋,112.919668,27.817271
626,626,叮谠幼儿园,湖南省湘潭市岳塘区韶山东路430,112.9106,27.87027
627,627,杏花园学习辅导室,湖南省湘潭市岳塘区百花路125,112.94025,27.78191
628,628,湘潭市第一中学,湖南省湘潭市岳塘区建设北路117,112.89929,27.86801
629,629,石叽幼儿园,湖南省湘潭市岳塘区湘潭市湘乡市月山镇石叽幼儿园,112.36073,27.78301
630,630,湘乡农商银行东郊支行,湖南省湘潭市岳塘区湘潭市湘乡市东郊乡湘乡农商银行东郊支行,112.54709,27.758
631,631,长乐双语幼儿园,湖南省湘潭市岳塘区湘潭市湘潭县河口镇长乐双语幼儿园,112.90504,27.78454
632,632,火炬南路馨钢花园1栋,湖南省湘潭市岳塘区湘潭市岳塘区下摄司街道火炬南路馨钢花园1栋,112.949663,27.828171
633,633,双吻,湖南省湘潭市岳塘区湘潭市岳塘区宝塔街道福星中路与双拥北路交汇处(天虹商场(湘潭店)),112.937825,27.852386
634,634,竹冲小学,湖南省湘潭市岳塘区湘潭市湘潭县中路铺镇,112.899943,27.585559
635,635,师大天易培训学校,湖南省湘潭市岳塘区玉花路78,112.93991,27.78206
636,636,湘钢一中,湖南省湘潭市岳塘区峨嵋路,112.9132,27.8151
637,637,橘朵,湖南省湘潭市岳塘区湘潭市岳塘区宝塔街道福星中路与双拥北路交汇处(天虹商场(湘潭店)),112.937825,27.852386
638,638,河口镇中湾小学,湖南省湘潭市岳塘区湘潭市湘潭县河口镇,112.876229,27.771273
639,639,湘乡市特殊教育学校,湖南省湘潭市岳塘区湘潭市湘乡市东山街道育才路286,112.539992,27.730387
640,640,家家好超市,湖南省湘潭市岳塘区双马工业园内正西方向20米,112.9727,27.83517
641,641,奋飞大厦,湖南省湘潭市岳塘区车站路21,112.902796,27.863547
642,642,惠祥特价批发超市,湖南省湘潭市岳塘区湘潭市岳塘区建设路街道福星东路88号东北方向60米,112.9184,27.85132
643,643,育塅乡示范学校,湖南省湘潭市岳塘区湘潭市湘乡市育塅乡育塅村,112.491475,27.776358
644,644,惠友超市,湖南省湘潭市岳塘区龙江路172东南方向40米,112.95038,27.79329
645,645,湘一佳超市,湖南省湘潭市岳塘区湘潭市湘乡市金石镇湘一佳超市,112.40986,28.04139
646,646,洞山小学,湖南省湘潭市岳塘区湘潭市湘乡市潭市镇,112.272383,27.766009
647,647,向阳幼儿园,湖南省湘潭市岳塘区昆仑桥办事处东山南路55号西北方向96米,112.52243,27.72712
648,648,起凤幼儿园,湖南省湘潭市岳塘区湘潭市湘乡市东山街道起凤幼儿园,112.53938,27.72019
649,649,建设社区,湖南省湘潭市岳塘区湘潭市雨湖区广场街道建设社区,112.895675,27.871853
650,650,商城社区,湖南省湘潭市岳塘区湘潭市岳塘区荷塘街道,112.961392,27.8822
651,651,春天来了超市财富店,湖南省湘潭市岳塘区金薮乡金薮村西南方向190米,112.3006,27.94572
652,652,桂花园30号,湖南省湘潭市岳塘区湘潭市雨湖区窑湾街道桂花园30号,112.886564,27.868197
653,653,中国银行ATM,湖南省湘潭市岳塘区解放路32号,112.89856,27.86246
654,654,中国银行东泗路支行,湖南省湘潭市岳塘区岳塘路243,112.90876,27.8307
655,655,湘潭爱尔仁和医院,湖南省湘潭市岳塘区迎宾中路115,112.883514,27.859004
656,656,护潭广场,湖南省湘潭市岳塘区韶山东路附近,112.92171,27.87477
657,657,湘潭县人民医院,湖南省湘潭市岳塘区玉兰南路817,112.945172,27.770481
658,658,新都汇写字楼北区,湖南省湘潭市岳塘区湘潭市雨湖区和平街道学府路新都汇东北方向30米,112.934335,27.906633
659,659,1001夜,湖南省湘潭市岳塘区湘潭市岳塘区宝塔街道福星中路与双拥北路交汇处(天虹商场(湘潭店)),112.937825,27.852386
660,660,湘潭县雁坪中学,湖南省湘潭市岳塘区湘潭市湘潭县杨嘉桥镇,112.73225,27.774553
661,661,永嘉桥社区,湖南省湘潭市岳塘区湘潭市湘乡市毛田镇,112.111767,27.681979
662,662,新港社区,湖南省湘潭市岳塘区湘潭市湘乡市新湘路街道,112.516235,27.73617
663,663,马家河社区,湖南省湘潭市岳塘区湘潭市岳塘区双马街道,113.019494,27.840222
664,664,杨嘉桥镇荆洲中心小学,湖南省湘潭市岳塘区县杨嘉桥镇新桥村委会,112.769508,27.832293
665,665,天元·江湾,湖南省湘潭市岳塘区湘潭市雨湖区万楼街道护潭乡富强村富洲路万楼安置小区2栋2单元0302001号东北方向140米,112.931343,27.87786
666,666,金侨·尚东区,湖南省湘潭市岳塘区芙蓉路与吉安路交叉处中级人民法院旁,112.94993,27.8323
667,667,湘潭市红十字中心医院,湖南省湘潭市岳塘区湘潭市岳塘区五里堆街道板马路20,112.955943,27.862308
668,668,先丰桥幼儿园,湖南省湘潭市岳塘区湘潭市湘潭县河口镇先丰桥幼儿园,112.85348,27.77155
669,669,安乐社区,湖南省湘潭市岳塘区湘潭市岳塘区板塘街道安乐社区,112.96485,27.864004
670,670,长郡湘潭高新实验学校,湖南省湘潭市岳塘区湘潭市岳塘区双马街道,113.00584,27.85091
671,671,繁城社区,湖南省湘潭市岳塘区湘潭市雨湖区云塘街道繁城社区,112.914769,27.875083
672,672,校园超市,湖南省湘潭市岳塘区二环线湖南科技大学北校,112.90747,27.9086
673,673,逸城幼儿园,湖南省湘潭市岳塘区湘潭市湘潭县易俗河镇万通逸城地下室7栋东北方向100米,112.93764,27.778986
674,674,艾贝尔幼儿园,湖南省湘潭市岳塘区北二环湘诚汽车服务中心旁,112.8523,27.8781
675,675,中国农业银行罗源支行,湖南省湘潭市岳塘区雨湖路165罗源流行广场,112.90223,27.8594
676,676,荷花园生态餐厅,湖南省湘潭市岳塘区湘潭市岳塘区荷塘街道指方村齐家组207号,113.012388,27.903977
677,677,中国虎,湖南省湘潭市岳塘区湘潭市岳塘区宝塔街道福星中路与双拥北路交汇处(天虹商场(湘潭店)),112.937825,27.852386
678,678,滨江花园12栋,湖南省湘潭市岳塘区湘潭市湘乡市望春门街道滨江花园12栋,112.532968,27.737784
679,679,杉山学校,湖南省湘潭市岳塘区湘潭市湘乡市,112.124627,27.760013
680,680,三株岭社区,湖南省湘潭市岳塘区湘潭市岳塘区岳塘街道三株岭社区,112.910417,27.812251
681,681,宝丰街社区,湖南省湘潭市岳塘区湘潭市雨湖区昭潭街道,112.879959,27.858576
682,682,辰开艺术培训学校,湖南省湘潭市岳塘区湘潭市湘乡市东山街道励志大道430,112.535033,27.73019
683,683,龙子巷社区,湖南省湘潭市岳塘区湘潭市雨湖区昭潭街道龙子巷社区,112.897061,27.859564
684,684,新红学校,湖南省湘潭市岳塘区湘潭市湘乡市月山镇,112.31133,27.829307
685,685,迎宾东路园丁花园3号楼,湖南省湘潭市岳塘区湘潭市雨湖区窑湾街道迎宾东路园丁花园3号楼,112.88748,27.86156
686,686,金耐社区,湖南省湘潭市岳塘区湘潭市岳塘区五里堆街道金耐社区,112.955277,27.854054
687,687,西山塘社区,湖南省湘潭市岳塘区湘潭市湘乡市栗山镇,112.406582,27.626383
688,688,湘潭银凤医院,湖南省湘潭市岳塘区欣积福湾5栋02号门面西南方向120米,112.962064,27.789057
689,689,白石花园-西门,湖南省湘潭市岳塘区湘潭市湘潭县易俗河镇金桂南路562号,112.946424,27.786176
690,690,泉塘子中学,湖南省湘潭市岳塘区湘潭市雨湖区姜畲镇,112.81339,27.85944
691,691,双江幼儿园,湖南省湘潭市岳塘区湘潭市湘乡市潭市镇双江幼儿园,112.33404,27.7097
692,692,高岭社区,湖南省湘潭市岳塘区广场街道高岭路2号钢城公寓内,112.88473,27.884785
693,693,桂花园26号,湖南省湘潭市岳塘区湘潭市雨湖区窑湾街道桂花园26号,112.885525,27.868049
694,694,湖南银行ATM,湖南省湘潭市岳塘区广云路192,112.89341,27.87004
695,695,半边街社区,湖南省湘潭市岳塘区湘潭市岳塘区下摄司街道半边街社区,112.923662,27.80672
696,696,湘乡农商银行白田支行,湖南省湘潭市岳塘区湘潭市湘乡市白田镇湘乡农商银行白田支行,112.40382,27.92179
697,697,交通银行湘潭分行,湖南省湘潭市岳塘区河东大道1058,112.92347,27.84086
698,698,山坪中学,湖南省湘潭市岳塘区湘潭市湘乡市壶天镇,112.11875,27.825778
699,699,福园小区,湖南省湘潭市岳塘区霞光中路28号东南方向150米,112.92448,27.8343
700,700,白托中学,湖南省湘潭市岳塘区湘潭市湘潭县石潭镇,112.63914,27.76532
701,701,潭城大厦,湖南省湘潭市岳塘区车站路2号,112.902204,27.862676
702,702,火炬南路馨钢花园2栋,湖南省湘潭市岳塘区湘潭市岳塘区下摄司街道火炬南路馨钢花园2栋,112.948796,27.828112
703,703,桂花园31号,湖南省湘潭市岳塘区湘潭市雨湖区窑湾街道桂花园31号,112.886299,27.868165
704,704,韶山市人民医院-CT室,湖南省湘潭市岳塘区民主路7号韶山市人民医院门诊大楼1楼,112.51947,27.93027
705,705,双虎大厦,湖南省湘潭市岳塘区湘潭市湘乡市白田镇双虎大厦,112.3346,27.96003
706,706,中国邮政储蓄银行ATM,湖南省湘潭市岳塘区雪松中路340,112.9537,27.78248
707,707,银河·故里居大酒店,湖南省湘潭市岳塘区红仑商业广场D座,112.51342,27.74994
708,708,步步高超市(东方红店),湖南省湘潭市岳塘区湖湘南路8号步步高乐淘城(东方红店),112.933468,27.833488
709,709,广场学校,湖南省湘潭市岳塘区湘潭市雨湖区广场街道,112.892851,27.86675
710,710,中国工商银行ATM,湖南省湘潭市岳塘区岚霞路281,112.9138,27.83014
711,711,九华和平小学,湖南省湘潭市岳塘区九华和平小学旁正西方向98米,112.95284,27.9048
712,712,杉山购物中心,湖南省湘潭市岳塘区湘潭市湘乡市棋梓镇,112.12946,27.75517
713,713,湘钢新村住宅小区,湖南省湘潭市岳塘区湘潭市岳塘区岳塘街道泉心塘路雷公塘2号平房(湘钢住宅小区),112.910247,27.826506
714,714,菊花塘社区,湖南省湘潭市岳塘区湘潭市岳塘区岳塘街道,112.90929,27.834145
715,715,蒙蒙摩米,湖南省湘潭市岳塘区湘潭市岳塘区宝塔街道福星中路与双拥北路交汇处(天虹商场(湘潭店)),112.937825,27.852386
716,716,湘铝社区,湖南省湘潭市岳塘区湘潭市湘乡市新湘路街道湘铝社区,112.50535,27.739874
717,717,滨江花园·正江湾,湖南省湘潭市岳塘区湘潭市雨湖区响水乡滨江花园正江湾,112.95101,27.99759
718,718,大桥社区,湖南省湘潭市岳塘区湘潭市岳塘区建设路街道,112.912194,27.848288
719,719,小蓓蕾幼儿园,湖南省湘潭市岳塘区湘潭市湘乡市中沙镇小蓓蕾幼儿园,112.32551,27.5128
720,720,新康乐幼儿园,湖南省湘潭市岳塘区湘潭市湘潭县青山桥镇新康乐幼儿园,112.56063,27.49712
721,721,农业科技大楼,湖南省湘潭市岳塘区银杏北路17,112.94,27.7863
722,722,岳塘区中西医结合医院,湖南省湘潭市岳塘区湘潭市岳塘区建设路街道,112.911052,27.837319
723,723,上海浦东发展银行ATM,湖南省湘潭市岳塘区福星东路88号湖南工程学院,112.92864,27.85014
724,724,滴水安置小区,湖南省湘潭市岳塘区湘潭市岳塘区荷塘街道滴水安置小区,112.96382,27.87857
725,725,李宁KIDS,湖南省湘潭市岳塘区湘潭市岳塘区宝塔街道福星中路与双拥北路交汇处(天虹商场(湘潭店)),112.937825,27.852386
726,726,湘乡市人民医院-门诊,湖南省湘潭市岳塘区健康路,112.52165,27.73218
727,727,英伦国际幼儿园,湖南省湘潭市岳塘区湖湘西路11号,112.92623,27.8366
728,728,谭家山镇棠霞学校,湖南省湘潭市岳塘区湘潭市湘潭县谭家山镇,112.956291,27.634669
729,729,书院路建筑学校4栋,湖南省湘潭市岳塘区湘潭市岳塘区下摄司街道书院路建筑学校4栋,112.942438,27.819813
730,730,合山社区,湖南省湘潭市岳塘区湘潭市雨湖区和平街道鹤山咀附近东南方向150米,112.947362,27.918856
731,731,小西点幼儿园,湖南省湘潭市岳塘区红旗商贸城,112.93574,27.84949
732,732,正视贸易大楼,湖南省湘潭市岳塘区车站路86,112.9049,27.86588
733,733,湘艺幼儿园,湖南省湘潭市岳塘区东山中路11号西南方向186米,112.51965,27.73483
734,734,湘潭铁路工程学校,湖南省湘潭市岳塘区广技路58号,112.88838,27.866556
735,735,大兴旺超市,湖南省湘潭市岳塘区龙潭街道正南方向80米,112.42366,27.98777
736,736,湘碱社区,湖南省湘潭市岳塘区湘潭市湘乡市昆仑桥街道南津路21号正西方向170米,112.517393,27.726023
737,737,湘潭市雨湖区园丁花园4栋,湖南省湘潭市岳塘区湘潭市雨湖区昭潭街道园丁花园4栋,112.88704,27.861151
738,738,鹏达超市,湖南省湘潭市岳塘区湘潭市岳塘区宝塔街道红旗新村2栋,112.933553,27.845897
739,739,鑫鑫超市,湖南省湘潭市岳塘区湘潭市湘乡市山枣镇,112.4074,27.69605
740,740,白石公园,湖南省湘潭市岳塘区湘潭市雨湖区昭潭街道大湖路,112.8912,27.85732
741,741,育塅中心小学,湖南省湘潭市岳塘区湘潭市湘乡市育塅乡,112.47235,27.79089
742,742,岚园小区,湖南省湘潭市岳塘区东泗路206号,112.90887,27.83839
743,743,批发佬网购连锁超市,湖南省湘潭市岳塘区芙蓉路9号东南方向110米,112.91733,27.82541
744,744,火炬南路馨钢花园6栋,湖南省湘潭市岳塘区湘潭市岳塘区下摄司街道火炬南路馨钢花园6栋,112.948379,27.82882
745,745,湘潭农商银行雨湖支行,湖南省湘潭市岳塘区宝庆路242,112.88226,27.85631
746,746,中国银行易俗河支行,湖南省湘潭市岳塘区易俗河镇凤凰中路871中银综合大厦,112.94671,27.7878
747,747,宝塔社区,湖南省湘潭市岳塘区湘潭市岳塘区宝塔街道宝塔社区,112.937399,27.853643
748,748,祥兰幼儿园,湖南省湘潭市岳塘区湘潭市湘潭县谭家山镇祥兰幼儿园,112.97716,27.67593
749,749,金鹏小区三院,湖南省湘潭市岳塘区金羚路142正南方向40米,112.9491,27.78482
750,750,中国邮政储蓄银行ATM,湖南省湘潭市岳塘区河东大道湖南理工职业技术学院,112.91655,27.84182
751,751,北京幸福泉幼儿园,湖南省湘潭市岳塘区火炬北路18号,112.94712,27.84762
752,752,火炬南路馨钢花园17栋,湖南省湘潭市岳塘区湘潭市岳塘区下摄司街道火炬南路馨钢花园17栋,112.94845,27.829969
753,753,桂花园38号,湖南省湘潭市岳塘区湘潭市雨湖区窑湾街道桂花园38号,112.885909,27.868792
754,754,白田镇中学,湖南省湘潭市岳塘区乡市,112.392584,27.903776
755,755,华宇国际大酒店,湖南省湘潭市岳塘区建设南路68号,112.91784,27.83056
756,756,王家山社区,湖南省湘潭市岳塘区湘潭市湘潭县杨嘉桥镇,112.778736,27.776595
757,757,东风社区,湖南省湘潭市岳塘区湘潭市湘乡市望春门街道,112.527308,27.743034
758,758,九华砂子塘潭州小学,湖南省湘潭市岳塘区湘潭市雨湖区和平街道,112.954785,27.939297
759,759,鱿你做主,湖南省湘潭市岳塘区湘潭市岳塘区宝塔街道福星中路与双拥北路交汇处(天虹商场(湘潭店)),112.937825,27.852386
760,760,桂花园4号附2号,湖南省湘潭市岳塘区湘潭市雨湖区窑湾街道桂花园4号附2号,112.88697,27.867319
761,761,御花苑大酒店,湖南省湘潭市岳塘区赤马路与堕落街交叉口东北角东科大御花苑1号楼,112.91226,27.90201
762,762,白田学校,湖南省湘潭市岳塘区湘潭市湘乡市白田镇,112.4098,27.92461
763,763,白石镇中心学校,湖南省湘潭市岳塘区湘潭市湘潭县白石镇,112.913107,27.459143
764,764,柏杨幼儿园,湖南省湘潭市岳塘区湘潭市湘乡市潭市镇柏杨幼儿园,112.32686,27.77255
765,765,桂花园土菜馆,湖南省湘潭市岳塘区湘潭市湘潭县易俗河镇,112.984188,27.797196
766,766,江南医院,湖南省湘潭市岳塘区楠竹山镇,112.64959,27.84379
767,767,九华小星星幼儿园,湖南省湘潭市岳塘区湘潭市雨湖区响水乡九华小星星幼儿园,112.9467,27.97935
768,768,湘乡农商银行巴江支行,湖南省湘潭市岳塘区湘潭市湘乡市栗山镇湘乡农商银行巴江支行,112.41573,27.57719
769,769,和平桥社区,湖南省湘潭市岳塘区湘潭市雨湖区雨湖路街道和平桥社区,112.910469,27.864908
770,770,围炉锅盔,湖南省湘潭市岳塘区湘潭市岳塘区宝塔街道福星中路与双拥北路交汇处(天虹商场(湘潭店)),112.937825,27.852386
771,771,大桥德才公办幼儿园,湖南省湘潭市岳塘区横街细巷子16号,112.8985,27.846
772,772,泗洲庵社区,湖南省湘潭市岳塘区湘潭市雨湖区城正街街道泗洲庵社区,112.920903,27.86445
773,773,长塘幼儿园,湖南省湘潭市岳塘区湘潭市岳塘区宝塔街道霞光东路168正东方向160米,112.946829,27.838425
774,774,芙蓉社区,湖南省湘潭市岳塘区湘潭市岳塘区书院路街道芙蓉社区,112.921447,27.832965
775,775,韶峰南方大酒店,湖南省湘潭市岳塘区湘乡市第三人民医院附近,112.22179,27.72761
776,776,湘潭吉安耳鼻喉医院,湖南省湘潭市岳塘区吉安路87号,112.95079,27.8386
777,777,华通大厦,湖南省湘潭市岳塘区岳塘区交警大队旁,112.91463,27.83626
778,778,中国工商银行ATM,湖南省湘潭市岳塘区昆仑桥办事处东山南路55号,112.52162,27.7274
779,779,沪昆高铁南站广场,湖南省湘潭市岳塘区湘潭市韶山市清溪镇韶南村东方红路与韶润路交汇处,112.541642,27.892991
780,780,余佳学校,湖南省湘潭市岳塘区湘潭市湘潭县射埠镇,112.758329,27.669367
781,781,湘潭县烟山中学,湖南省湘潭市岳塘区湘潭市湘潭县云湖桥镇,112.6916,27.8978
782,782,永福楼,湖南省湘潭市岳塘区湘潭市湘乡市新湘路办事处北正街居委会,112.524454,27.739085
783,783,中国工商银行ATM,湖南省湘潭市岳塘区玉兰中路525,112.93775,27.78169
784,784,滨湖移动小区,湖南省湘潭市岳塘区迎宾东路295,112.88865,27.85995
785,785,湘潭市口腔医院河东分院,湖南省湘潭市岳塘区建设南路387,112.9186,27.82972
786,786,清泉学校,湖南省湘潭市岳塘区湘潭市雨湖区姜畲镇,112.7873,27.86669
787,787,韶山市人民医院,湖南省湘潭市岳塘区民主路7号,112.519348,27.930918
788,788,城南社区,湖南省湘潭市岳塘区湘潭市湘乡市东山街道城南社区,112.530225,27.719661
789,789,排头乡中心小学,湖南省湘潭市岳塘区湘潭市湘潭县排头乡,112.696317,27.559067
790,790,雨湖区建元中学,湖南省湘潭市岳塘区湘潭市雨湖区万楼街道,112.919626,27.890871
791,791,湘钢霞西住宅小区,湖南省湘潭市岳塘区湘潭市岳塘区建设路街道泉心塘路雷公塘2号平房(湘钢住宅小区),112.91494,27.83395
792,792,新滴水安置区,湖南省湘潭市岳塘区湘潭市岳塘区荷塘街道,112.96462,27.882785
793,793,云门寺社区,湖南省湘潭市岳塘区湘潭市湘乡市望春门街道云门寺社区,112.526179,27.738975
794,794,好润家生活超市(云盘旗舰店),湖南省湘潭市岳塘区湘潭市岳塘区宝塔街道河东大道168号正南方向140米,112.947499,27.847785
795,795,德馨花园,湖南省湘潭市岳塘区湘潭市岳塘区双马街道宝塔街晓塘东路175号,112.95948,27.82756
796,796,玩点名堂,湖南省湘潭市岳塘区湘潭市岳塘区宝塔街道福星中路与双拥北路交汇处(天虹商场(湘潭店)),112.937825,27.852386
797,797,向红学校,湖南省湘潭市岳塘区湘潭市湘乡市东郊乡,112.63056,27.80043
798,798,新阳完小,湖南省湘潭市岳塘区湘潭市湘乡市泉塘镇同胜村,112.419365,27.766718
799,799,中国农业银行ATM,湖南省湘潭市岳塘区玉兰南路817,112.9461,27.77181
800,800,湘潭市中心医院-介入科,湖南省湘潭市岳塘区中心医院-3号楼(心血管大楼)22层,112.907071,27.866076
801,801,静逸楼,湖南省湘潭市岳塘区岳塘区霞光西路157号,112.912233,27.831553
802,802,润东生鲜超市,湖南省湘潭市岳塘区湘潭市岳塘区宝塔街道霞光东路58号西南方向130米,112.946546,27.840205
803,803,湘潭市优抚医院北门,湖南省湘潭市岳塘区河东大道23,112.929017,27.847115
804,804,一公司社区,湖南省湘潭市岳塘区湘潭市湘乡市昆仑桥街道一公司社区,112.519861,27.731457
805,805,中国农业银行ATM,湖南省湘潭市岳塘区湘潭市韶山市清溪镇中国农业银行atm,112.55553,27.92988
806,806,兴和小区,湖南省湘潭市岳塘区河东大道西南方向110米,112.914907,27.83957
807,807,诺贝尔国际幼儿园,湖南省湘潭市岳塘区东风路47号,112.52515,27.7424
808,808,童心幼儿园,湖南省湘潭市岳塘区零零二县道湘潭市岳塘区昭山乡卫生院东南,113.01451,27.96304
809,809,横东学校,湖南省湘潭市岳塘区湘潭市湘乡市壶天镇,112.061099,27.891003
810,810,红旗广场,湖南省湘潭市岳塘区湘潭市九华经济开发区红旗社区2排5栋正东方向110米,112.9384,27.90984
811,811,环宇大酒店,湖南省湘潭市岳塘区中路铺镇政府左侧,112.92331,27.55516
812,812,塔岭永丰超市,湖南省湘潭市岳塘区黄石村东北方向180米,112.81948,27.90114
813,813,五景花园小区,湖南省湘潭市岳塘区雨湖路208号,112.90696,27.86446
814,814,信源电器商场,湖南省湘潭市岳塘区湘潭市韶山市韶山乡,112.43072,27.90108
815,815,中国工商银行科大分行,湖南省湘潭市岳塘区石码头2号湖南科技大学逸夫教学楼1楼,112.91577,27.90538
816,816,石潭镇中心小学,湖南省湘潭市岳塘区石潭镇横街192号正东方向172米,112.709566,27.759313
817,817,百澳教育培训学校,湖南省湘潭市岳塘区建设中路10,112.91256,27.84004
818,818,石江小区,湖南省湘潭市岳塘区湘潭市湘乡市东郊乡,112.529327,27.777761
819,819,唯音艺术学校,湖南省湘潭市岳塘区湘潭市湘潭县易俗河镇杨柳北路70,112.965406,27.786389
820,820,白石小学,湖南省湘潭市岳塘区湘潭市湘潭县白石镇,112.878594,27.474373
821,821,砂子岭大厦,湖南省湘潭市岳塘区潭邵路3,112.87612,27.86119
822,822,蓝海幼儿园,湖南省湘潭市岳塘区湘潭市雨湖区先锋街道高岭路2号附16号,112.883845,27.885056
823,823,童话村,湖南省湘潭市岳塘区湘潭市岳塘区宝塔街道福星中路与双拥北路交汇处(天虹商场(湘潭店)),112.937825,27.852386
824,824,水府华都大酒店,湖南省湘潭市岳塘区棋梓镇水府庙收费站转盘新区,112.24187,27.72136
825,825,桂花园69号,湖南省湘潭市岳塘区湘潭市雨湖区窑湾街道桂花园69号,112.884545,27.868313
826,826,玲丽彩妆培训连锁学校,湖南省湘潭市岳塘区万隆·中央广场26楼2601,112.52623,27.73727
827,827,金龙花园7栋,湖南省湘潭市岳塘区湘潭市湘乡市新湘路街道金龙花园7栋,112.510249,27.7392
828,828,角色大酒店,湖南省湘潭市岳塘区吉安路168号中瀚财富广场B座,112.95034,27.8312
829,829,德馨小区,湖南省湘潭市岳塘区湘潭市湘乡市育塅乡德馨小区,112.50798,27.7534
830,830,上山学校,湖南省湘潭市岳塘区湘潭市湘乡市育塅乡,112.4364,27.81783
831,831,石坝小学,湖南省湘潭市岳塘区湘潭市湘乡市金石镇,112.417502,28.035706
832,832,振兴连锁超市白田店,湖南省湘潭市岳塘区白田镇白田村正北方向130米,112.40443,27.9206
833,833,步步高超市(东方红店)东三门,湖南省湘潭市岳塘区湖湘南路8号步步高乐淘城(东方红店),112.933552,27.832958
834,834,七秒易购,湖南省湘潭市岳塘区湘潭市岳塘区宝塔街道福星中路与双拥北路交汇处(天虹商场(湘潭店)),112.937825,27.852386
835,835,吉安幼儿园,湖南省湘潭市岳塘区双马街道茶园村,112.9533,27.83736
836,836,潭溪小学,湖南省湘潭市岳塘区湘潭市湘潭县花石镇,112.692178,27.457907
837,837,凤形山社区,湖南省湘潭市岳塘区湘潭市湘潭县易俗河镇凤形山社区,112.954893,27.786966
838,838,湖南银行高新支行,湖南省湘潭市岳塘区建设南路88号,112.91865,27.82963
839,839,姜畲塔岭双语幼儿园,湖南省湘潭市岳塘区西湖村,112.8204,27.894
840,840,步步高超市科大店,湖南省湘潭市岳塘区北二环线湖南科技大学北校门口,112.91145,27.9058
841,841,南苑小区,湖南省湘潭市岳塘区南正街200号正北方向110米,112.52159,27.7289
842,842,步步高湘乡双星超市,湖南省湘潭市岳塘区东风路23号,112.5259,27.73951
843,843,湘潭农商银行ATM,湖南省湘潭市岳塘区韶山中路8,112.904795,27.868056
844,844,妈仔谷,湖南省湘潭市岳塘区湘潭市岳塘区宝塔街道福星中路与双拥北路交汇处(天虹商场(湘潭店)),112.937825,27.852386
845,845,翻江镇学校,湖南省湘潭市岳塘区湘潭市湘乡市翻江镇,112.18234,27.82374
846,846,铭瑶超市,湖南省湘潭市岳塘区湘潭市湘乡市东山街道成才路555,112.54113,27.738418
847,847,法院生活区,湖南省湘潭市岳塘区湘潭市湘乡市新湘路办事处梅坪村,112.514991,27.735758
848,848,东塘供销综合商店,湖南省湘潭市岳塘区湘潭市湘乡市梅桥镇,112.56016,27.62919
849,849,中国建设银行ATM,湖南省湘潭市岳塘区东风路20号湘乡宾馆,112.52693,27.73694
850,850,华兴小区,湖南省湘潭市岳塘区湘潭市岳塘区建设路街道长潭路2号,112.91295,27.83986
851,851,白石花园4栋,湖南省湘潭市岳塘区湘潭市湘潭县易俗河镇百花社区白石花园4栋,112.947789,27.786183
852,852,花园村,湖南省湘潭市岳塘区湘潭市韶山市清溪镇,112.5162,27.918354
853,853,陈庚学校,湖南省湘潭市岳塘区湘潭市湘乡市龙洞镇,112.512596,27.802715
854,854,鑫燕超市,湖南省湘潭市岳塘区湘潭市湘乡市中沙镇,112.37693,27.51747
855,855,国光大厦,湖南省湘潭市岳塘区建设北路6号,112.90063,27.86377
856,856,中国工商银行ATM,湖南省湘潭市岳塘区解放北路15号,112.89213,27.8692
857,857,洙津楼,湖南省湘潭市岳塘区乡市山枣镇洙津村,112.480091,27.696725
858,858,新天时代佳园,湖南省湘潭市岳塘区新颜路天鹅小区丽园正北方向99米,112.52623,27.91756
859,859,崟塘学校,湖南省湘潭市岳塘区湘潭市湘乡市翻江镇,112.21856,27.80442
860,860,东湖路社区文化广场,湖南省湘潭市岳塘区湘潭市岳塘区建设路街道富都花园6栋,112.90906,27.84989
861,861,横铺小学,湖南省湘潭市岳塘区湘潭市湘乡市梅桥镇,112.56261,27.591
862,862,开心果幼儿园,湖南省湘潭市岳塘区湘潭市湘乡市虞唐镇开心果幼儿园,112.35415,27.60947
863,863,继述桥幼儿园,湖南省湘潭市岳塘区湘潭市湘潭县射埠镇继述桥幼儿园,112.85513,27.62044
864,864,花园酒店,湖南省湘潭市岳塘区湘潭市雨湖区鹤岭街道果沙塘鹤岭路24号东北方向60米,112.85514,27.96559
865,865,明湖广场,湖南省湘潭市岳塘区湘潭市雨湖区和平街道桃源路(湖南科技大学(北校)),112.909128,27.910623
866,866,发图形象,湖南省湘潭市岳塘区湘潭市岳塘区宝塔街道福星中路与双拥北路交汇处(天虹商场(湘潭店)),112.937825,27.852386
867,867,天天向上艺术幼儿园,湖南省湘潭市岳塘区湘潭市湘乡市山枣镇天天向上艺术幼儿园,112.40828,27.69516
868,868,商场巷28号,湖南省湘潭市岳塘区湘潭市雨湖区窑湾街道商场巷28号,112.89729,27.871657
869,869,花园吉祥便利店,湖南省湘潭市岳塘区枣园路花园社区综合服务大楼西南方向30米,112.516,27.91835
870,870,雨湖公园,湖南省湘潭市岳塘区湘潭市雨湖区雨湖路街道湖园路33号,112.90826,27.86191
871,871,家家乐购物广场,湖南省湘潭市岳塘区湘潭市湘乡市东山街道大将南路270,112.544516,27.73449
872,872,林敏医院,湖南省湘潭市岳塘区潭衡路261,112.86876,27.84893
873,873,友谊广场,湖南省湘潭市岳塘区书院路26号,112.926729,27.818862
874,874,长岭中学,湖南省湘潭市岳塘区湘潭市湘潭县谭家山镇,112.93815,27.64449
875,875,昆仑桥社区,湖南省湘潭市岳塘区湘潭市湘乡市昆仑桥街道,112.528311,27.733965
876,876,和气生财超市,湖南省湘潭市岳塘区团田村零四一县道团田百货部旁东北方向100米,112.44979,27.9629
877,877,冰河电器商场,湖南省湘潭市岳塘区团田村零四一县道团田百货部旁西南方向130米,112.44867,27.96105
878,878,杨氏骨伤科医院,湖南省湘潭市岳塘区谭邵路2号,112.877702,27.861582
879,879,清大小博士幼儿园,湖南省湘潭市岳塘区雪松中路757,112.95541,27.78916
880,880,湘潭市中心医院东二门,湖南省湘潭市岳塘区和平路120号湘潭市中心医院,112.907631,27.866135
881,881,泓润龙大酒店,湖南省湘潭市岳塘区中路铺镇原凤形大酒楼歩步高正对面,112.92373,27.55701
882,882,luckincoffee瑞幸咖啡(九华步步高商场店),湖南省湘潭市岳塘区湘潭市雨湖区北二环路与莲城大道交叉口东南280米正南方向10米,112.932261,27.894136
883,883,交通大楼,湖南省湘潭市岳塘区凤凰中路1128-6,112.94238,27.7868
884,884,明珠花园1栋,湖南省湘潭市岳塘区湘潭市岳塘区下摄司街道明珠花园1栋,112.930455,27.84361
885,885,茶园中学,湖南省湘潭市岳塘区肖冲村,112.98257,27.6582
886,886,南北花园,湖南省湘潭市岳塘区宝塔中路10号,112.92619,27.83393
887,887,湖南银行ATM,湖南省湘潭市岳塘区湘潭市雨湖区雨湖路街道车站路73,112.903681,27.864532
888,888,旮丸旯果,湖南省湘潭市岳塘区湘潭市岳塘区宝塔街道天虹商场2楼,112.937976,27.852493
889,889,芳芳超市微芳店,湖南省湘潭市岳塘区楠竹山镇楠韶路2号西北方向130米,112.65142,27.84864
890,890,云盘花园小区,湖南省湘潭市岳塘区湘潭市岳塘区宝塔街道河东大道169号,112.94619,27.84598
891,891,中国建设银行ATM,湖南省湘潭市岳塘区湘潭市湘潭县易俗河镇凤凰东路355,112.965018,27.795617
892,892,长城乡花园幼儿园,湖南省湘潭市岳塘区湘潭市雨湖区长城乡宋仙路50,112.83069,27.87543
893,893,汇景大厦,湖南省湘潭市岳塘区湘潭市雨湖区雨湖路街道城正街街道熙春路115号,112.916375,27.867998
894,894,金龙花园4栋,湖南省湘潭市岳塘区湘潭市湘乡市新湘路街道金龙花园4栋,112.51079,27.739838
895,895,湘乡农商银行ATM,湖南省湘潭市岳塘区湘潭市湘乡市翻江镇湘乡农商银行atm,112.141,27.90972
896,896,阳科骨科医院-骨科门诊,湖南省湘潭市岳塘区阳科骨科医院2楼,112.83173,27.86826
897,897,宝岛,湖南省湘潭市岳塘区湘潭市岳塘区宝塔街道福星中路与双拥北路交汇处(天虹商场(湘潭店)),112.937825,27.852386
898,898,湘潭县分路口社区文体广场,湖南省湘潭市岳塘区湘潭市湘潭县谭家山镇分路口社区,112.958123,27.652173
899,899,南海花园,湖南省湘潭市岳塘区湘潭市湘潭县易俗河镇雪松中路799号,112.95519,27.79023
900,900,鹤岭大厦,湖南省湘潭市岳塘区湘潭市雨湖区鹤岭镇鹤岭路28号,112.85469,27.96435
901,901,碑头中心幼儿园,湖南省湘潭市岳塘区湘潭市雨湖区鹤岭镇碑头中心幼儿园,112.80748,28.05933
902,902,大桥花园11栋,湖南省湘潭市岳塘区湘潭市湘乡市昆仑桥街道大桥花园11栋,112.52192,27.724496
903,903,石鼓中学,湖南省湘潭市岳塘区湘潭市湘潭县石鼓镇,112.492789,27.522203
904,904,万福社区,湖南省湘潭市岳塘区湘潭市湘乡市中沙镇万福社区,112.350461,27.544067
905,905,湖铁学校,湖南省湘潭市岳塘区新湘西路33,112.51429,27.73298
906,906,阳科骨科医院-康复科,湖南省湘潭市岳塘区阳科骨科医院4楼,112.83173,27.86826
907,907,万达华府D区,湖南省湘潭市岳塘区湘乡万达广场万达西路底商1169号(万达华府),112.936214,27.827827
908,908,龙华小学,湖南省湘潭市岳塘区龙华小区65栋1东北方向112米,112.818118,27.817723
909,909,湘潭龙华医院,湖南省湘潭市岳塘区建设中路103,112.911848,27.840097
910,910,新能源大楼,湖南省湘潭市岳塘区湘潭市岳塘区建设路街道福星中路福星村224号西南方向170米,112.918426,27.844876
911,911,红日金薮中学,湖南省湘潭市岳塘区湘潭市湘乡市金薮乡,112.30616,27.94941
912,912,红树林幼儿园,湖南省湘潭市岳塘区湘潭市湘乡市东郊乡红树林幼儿园,112.55092,27.7605
913,913,红旗中学,湖南省湘潭市岳塘区湘潭市湘潭县青山桥镇,112.50214,27.463116
914,914,中国邮政储蓄银行ATM,湖南省湘潭市岳塘区凤凰中路239,112.95634,27.79227
915,915,瑞恩国际幼儿园,湖南省湘潭市岳塘区湘潭市雨湖区和平街道瑞恩国际幼儿园,112.92604,27.90147
916,916,纯冲塘社区,湖南省湘潭市岳塘区湘潭市岳塘区岳塘街道纯冲塘社区,112.912521,27.81374
917,917,振兴连锁超市南门店,湖南省湘潭市岳塘区大正街58号,112.5259,27.7351
918,918,和生源小区,湖南省湘潭市岳塘区建设北路366,112.90084,27.87947
919,919,金海幼儿园,湖南省湘潭市岳塘区韶山东路30正南方向32米,112.91969,27.87412
920,920,湘潭圣康肾病专科医院,湖南省湘潭市岳塘区海棠中路12,112.95127,27.769
921,921,自然树蒙特梭利幼儿园,湖南省湘潭市岳塘区湘潭市湘潭县易俗河镇龙江路178号,112.950002,27.79398
922,922,开心幼儿园,湖南省湘潭市岳塘区湘潭市湘潭县射埠镇开心幼儿园,112.82797,27.61963
923,923,华佳花园,湖南省湘潭市岳塘区湘潭市湘潭县易俗河镇杏丹一路9,112.943432,27.785381
924,924,湘潭峡山口中学,湖南省湘潭市岳塘区湘潭市湘潭县杨嘉桥镇,112.8142,27.8156
925,925,天易农商银行ATM,湖南省湘潭市岳塘区雪松北路208,112.95519,27.79629
926,926,安乐中学,湖南省湘潭市岳塘区湘潭市湘乡市潭市镇,112.319963,27.764207
927,927,湖南银行ATM,湖南省湘潭市岳塘区湘潭市湘潭县易俗河镇凤凰中路535,112.9517,27.78997
928,928,花园综合平价店,湖南省湘潭市岳塘区湘潭市雨湖区响水乡,112.900594,27.899778
929,929,韶西逸夫小学,湖南省湘潭市岳塘区湘潭市雨湖区昭潭街道南岭南路12号东北方向138米,112.88513,27.85836
930,930,花园村村民委员会,湖南省湘潭市岳塘区枣园路花园社区综合服务大楼西南方向60米,112.5162,27.918354
931,931,毛府假日大酒店,湖南省湘潭市岳塘区枣园路实验中学旁,112.51968,27.92481
932,932,工矿小区,湖南省湘潭市岳塘区湘潭市湘乡市昆仑桥办事处红星村,112.513784,27.732595
933,933,三友超市,湖南省湘潭市岳塘区湘潭市湘潭县谭家山镇,112.94061,27.6301
934,934,紫薇路华侨花园3栋,湖南省湘潭市岳塘区湘潭市湘潭县易俗河镇百花社区紫薇路华侨花园3栋,112.950792,27.783895
935,935,檬檬幼儿园,湖南省湘潭市岳塘区湘潭市湘潭县易俗河镇檬檬幼儿园,112.86292,27.717
936,936,东江明德小学,湖南省湘潭市岳塘区湘潭市湘乡市金石镇,112.418935,27.960522
937,937,扬帆广场,湖南省湘潭市岳塘区湘潭市湘乡市望春门街道滨河北路(碧洲公园),112.53339,27.73553
938,938,社建乐园,湖南省湘潭市岳塘区湘潭市岳塘区五里堆街道银海路,112.95306,27.86359
939,939,响水乡中心小学,湖南省湘潭市岳塘区湘潭市雨湖区响水乡,112.883149,27.917355
940,940,中国建设银行ATM,湖南省湘潭市岳塘区羊牯塘湘潭大学,112.85924,27.88663
941,941,梅林桥镇综合服务大楼,湖南省湘潭市岳塘区湘潭市湘潭县易俗河镇,112.95256,27.694934
942,942,东方红幼儿园,湖南省湘潭市岳塘区湘潭市湘乡市金薮乡东方红幼儿园,112.2279,27.9317
943,943,留田中学,湖南省湘潭市岳塘区湘潭市湘潭县花石镇,112.69302,27.49864
944,944,湘锰中学,湖南省湘潭市岳塘区湘潭市雨湖区鹤岭镇白冲社区,112.860156,27.968487
945,945,大湖塘社区,湖南省湘潭市岳塘区湘潭市湘潭县易俗河镇,112.974612,27.782972
946,946,湘乡市育才中学,湖南省湘潭市岳塘区东山办事处,112.54629,27.7358
947,947,团田学校,湖南省湘潭市岳塘区湘潭市韶山市杨林乡,112.45146,27.96117
948,948,江家学校,湖南省湘潭市岳塘区湘潭市湘乡市金薮乡,112.223419,27.919452
949,949,爱尚花园-西门,湖南省湘潭市岳塘区湘潭市湘潭县易俗河镇易俗河镇雪松北路97号,112.954992,27.786446
950,950,中国邮政储蓄银行ATM,湖南省湘潭市岳塘区羊牯塘湘潭大学,112.85877,27.8887
951,951,江博士,湖南省湘潭市岳塘区湘潭市岳塘区宝塔街道福星中路与双拥北路交汇处(天虹商场(湘潭店)),112.937825,27.852386
952,952,家乐福超市,湖南省湘潭市岳塘区湘潭市湘乡市金石镇,112.4669,28.04091
953,953,湘乡农商银行大田支行,湖南省湘潭市岳塘区湘潭市湘乡市龙洞镇湘乡农商银行大田支行,112.5672,27.8286
954,954,盘龙山庄大酒店,湖南省湘潭市岳塘区红旗大道1号,112.92667,27.84413
955,955,湖南银行ATM,湖南省湘潭市岳塘区和平路1,112.9095,27.86443
956,956,和谐幼儿园,湖南省湘潭市岳塘区芙蓉大道与板五路交汇处东北方向150米,112.95036,27.85752
957,957,江麓医院-采血室,湖南省湘潭市岳塘区江麓医院门诊部1层,112.888415,27.872328
958,958,自行车租赁点,湖南省湘潭市岳塘区广云路云塘街道商场巷3号正西方向50米,112.89685,27.87147
959,959,赤石学校,湖南省湘潭市岳塘区湘潭市湘乡市虞唐镇,112.367084,27.584683
960,960,长丰自选商场,湖南省湘潭市岳塘区东郊乡长丰村二组西北方向50米,112.57475,27.77222
961,961,湘乡石竹花园老年护理院,湖南省湘潭市岳塘区湘潭市湘乡市湘乡石竹花园老年护理院,112.56868,27.76991
962,962,湘潭县人民医院-儿科,湖南省湘潭市岳塘区玉兰南路817,112.94504,27.77106
963,963,拉夏贝尔,湖南省湘潭市岳塘区湘潭市岳塘区宝塔街道福星中路与双拥北路交汇处(天虹商场(湘潭店)),112.937825,27.852386
964,964,科普健身休闲广场,湖南省湘潭市岳塘区湘潭市岳塘区建设中路354号福星花园附近正北方向110米,112.9075,27.84955
965,965,湘潭市人力资源和社会保障局1办公楼,湖南省湘潭市岳塘区湘潭大道157号,112.927776,27.830729
966,966,桂花园41号,湖南省湘潭市岳塘区湘潭市雨湖区窑湾街道桂花园41号,112.885811,27.868905
967,967,大托山小学,湖南省湘潭市岳塘区湘潭市湘潭县乌石镇,112.692831,27.675345
968,968,湘乡市一公司幼儿园,湖南省湘潭市岳塘区湘潭市湘乡市昆仑桥街道一公司幼儿园,112.51905,27.72901
969,969,壶天中学,湖南省湘潭市岳塘区湘潭市湘乡市壶天镇,112.049789,27.867405
970,970,白石商业广场,湖南省湘潭市岳塘区建设北路8号,112.90099,27.86144
971,971,Flowerswim红蜻蜓,湖南省湘潭市岳塘区湘潭市岳塘区宝塔街道福星中路与双拥北路交汇处(天虹商场(湘潭店)),112.937825,27.852386
972,972,鸦雀塘社区文化广场,湖南省湘潭市岳塘区中洲路附近正西方向80米,112.92213,27.80973
973,973,白田镇中心小学,湖南省湘潭市岳塘区湘潭市湘乡市白田镇,112.391948,27.931017
974,974,新宜佳平价超市,湖南省湘潭市岳塘区湘乡大道009号东北方向141米正北方向100米,112.50427,27.75911
975,975,向日葵幼儿园,湖南省湘潭市岳塘区湘潭市雨湖区长城乡工农村易家湖3号,112.878968,27.85278
976,976,柏蓝图牛排餐厅湘潭店,湖南省湘潭市岳塘区湘潭市岳塘区宝塔街道双拥路与福星路交汇处天虹商场,112.937976,27.852493
977,977,洋潭中学,湖南省湘潭市岳塘区湘潭市湘乡市虞唐镇,112.321535,27.647842
978,978,振兴连锁超市龙潭店,湖南省湘潭市岳塘区金石镇龙潭村坝上组109号西南方向100米,112.42409,27.98521
979,979,泉塘万家物流超市,湖南省湘潭市岳塘区湘潭市湘乡市泉塘镇,112.47892,27.73948
980,980,科美皮肤美学设计,湖南省湘潭市岳塘区湘潭市岳塘区宝塔街道天虹商场2楼,112.937858,27.852271
981,981,桂花园10号,湖南省湘潭市岳塘区湘潭市雨湖区窑湾街道桂花园10号,112.886483,27.867879
982,982,滨江馨苑,湖南省湘潭市岳塘区永安村江滨小区正南方向200米,112.96827,27.87714
983,983,桂花园,湖南省湘潭市岳塘区湘潭市湘乡市龙洞镇雅苗村,112.530398,27.812064
984,984,楠竹中心小学,湖南省湘潭市岳塘区湘潭市湘潭县云湖桥镇,112.617619,27.839386
985,985,华隆商务楼,湖南省湘潭市岳塘区建设南路102东南方向50米,112.913,27.83583
986,986,聚鑫平价超市,湖南省湘潭市岳塘区湘潭市雨湖区云塘街道建设北路188号,112.899817,27.86853
987,987,大友精品生活超市(凤凰中路凯旋店),湖南省湘潭市岳塘区湘潭市湘潭县易俗河镇凤凰中路525西北方向10米,112.951571,27.789999
988,988,泉塘镇湖山中学,湖南省湘潭市岳塘区泉塘镇托南村,112.4491,27.7059
989,989,湘乡市二人民医院-骨科,湖南省湘潭市岳塘区二人民医院门诊大楼3楼,112.52635,27.74065
990,990,快乐缤尼,湖南省湘潭市岳塘区湘潭市岳塘区宝塔街道福星中路与双拥北路交汇处(天虹商场(湘潭店)),112.937825,27.852386
991,991,星程楼,湖南省湘潭市岳塘区湘潭市湘乡市新湘路办事处壕塘村东山北路7号,112.517181,27.735685
992,992,山枣社区,湖南省湘潭市岳塘区湘潭市湘乡市山枣镇山枣社区,112.453955,27.657147
993,993,中国农业银行友谊分理处,湖南省湘潭市岳塘区书院路368号,112.925,27.81819
994,994,长城社区,湖南省湘潭市岳塘区湘潭市岳塘区下摄司街道,112.92059,27.81247
995,995,中国工商银行ATM,湖南省湘潭市岳塘区社建村街道学坪村8栋1单元,112.95361,27.86274
996,996,沙田学校,湖南省湘潭市岳塘区湘潭市湘乡市白田镇沙田学校,112.41975,27.86696
997,997,鑫辰花苑小区,湖南省湘潭市岳塘区湘潭市岳塘区五里堆街道板马路130号,112.95804,27.86214
998,998,三元里小区,湖南省湘潭市岳塘区芙蓉西路9号心连心超市北面正东方向180米,112.91847,27.82785
999,999,商场巷40号,湖南省湘潭市岳塘区湘潭市雨湖区窑湾街道商场巷40号,112.897298,27.872025
1000,1000,石潭坝幼儿园,湖南省湘潭市岳塘区湘潭市湘潭县中路铺镇石潭坝幼儿园,112.829,27.52824
